INSERT INTO Housekeeping (TaskID, TaskDate, Status, RoomId) VALUES (1, '2025-03-16', 'Pending', 30);
INSERT INTO Housekeeping (TaskID, TaskDate, Status, RoomId) VALUES (2, '2023-11-05', 'In Progress', 55);
INSERT INTO Housekeeping (TaskID, TaskDate, Status, RoomId) VALUES (3, '2024-02-09', 'Pending', 214);
INSERT INTO Housekeeping (TaskID, TaskDate, Status, RoomId) VALUES (4, '2024-01-08', 'Completed', 282);
INSERT INTO Housekeeping (TaskID, TaskDate, Status, RoomId) VALUES (5, '2022-12-24', 'In Progress', 304);
INSERT INTO Housekeeping (TaskID, TaskDate, Status, RoomId) VALUES (6, '2023-12-18', 'Pending', 321);
INSERT INTO Housekeeping (TaskID, TaskDate, Status, RoomId) VALUES (7, '2023-01-12', 'Completed', 58);
INSERT INTO Housekeeping (TaskID, TaskDate, Status, RoomId) VALUES (8, '2023-05-25', 'Pending', 340);
INSERT INTO Housekeeping (TaskID, TaskDate, Status, RoomId) VALUES (9, '2024-11-06', 'Completed', 388);
INSERT INTO Housekeeping (TaskID, TaskDate, Status, RoomId) VALUES (10, '2025-10-11', 'Pending', 303);
INSERT INTO Housekeeping (TaskID, TaskDate, Status, RoomId) VALUES (11, '2025-03-20', 'Completed', 194);
INSERT INTO Housekeeping (TaskID, TaskDate, Status, RoomId) VALUES (12, '2023-12-03', 'In Progress', 195);
INSERT INTO Housekeeping (TaskID, TaskDate, Status, RoomId) VALUES (13, '2023-11-13', 'Completed', 272);
INSERT INTO Housekeeping (TaskID, TaskDate, Status, RoomId) VALUES (14, '2025-07-26', 'In Progress', 224);
INSERT INTO Housekeeping (TaskID, TaskDate, Status, RoomId) VALUES (15, '2025-03-19', 'In Progress', 253);
INSERT INTO Housekeeping (TaskID, TaskDate, Status, RoomId) VALUES (16, '2022-11-10', 'In Progress', 112);
INSERT INTO Housekeeping (TaskID, TaskDate, Status, RoomId) VALUES (17, '2023-05-20', 'In Progress', 125);
INSERT INTO Housekeeping (TaskID, TaskDate, Status, RoomId) VALUES (18, '2024-10-08', 'Completed', 353);
INSERT INTO Housekeeping (TaskID, TaskDate, Status, RoomId) VALUES (19, '2023-02-20', 'Completed', 173);
INSERT INTO Housekeeping (TaskID, TaskDate, Status, RoomId) VALUES (20, '2023-08-27', 'In Progress', 31);
INSERT INTO Housekeeping (TaskID, TaskDate, Status, RoomId) VALUES (21, '2022-06-15', 'Pending', 237);
INSERT INTO Housekeeping (TaskID, TaskDate, Status, RoomId) VALUES (22, '2022-11-22', 'In Progress', 234);
INSERT INTO Housekeeping (TaskID, TaskDate, Status, RoomId) VALUES (23, '2025-02-06', 'Pending', 286);
INSERT INTO Housekeeping (TaskID, TaskDate, Status, RoomId) VALUES (24, '2022-12-07', 'In Progress', 147);
INSERT INTO Housekeeping (TaskID, TaskDate, Status, RoomId) VALUES (25, '2022-05-22', 'In Progress', 343);
INSERT INTO Housekeeping (TaskID, TaskDate, Status, RoomId) VALUES (26, '2025-07-04', 'In Progress', 25);
INSERT INTO Housekeeping (TaskID, TaskDate, Status, RoomId) VALUES (27, '2023-11-23', 'Completed', 175);
INSERT INTO Housekeeping (TaskID, TaskDate, Status, RoomId) VALUES (28, '2023-11-03', 'In Progress', 36);
INSERT INTO Housekeeping (TaskID, TaskDate, Status, RoomId) VALUES (29, '2025-04-21', 'In Progress', 292);
INSERT INTO Housekeeping (TaskID, TaskDate, Status, RoomId) VALUES (30, '2024-11-21', 'In Progress', 181);
INSERT INTO Housekeeping (TaskID, TaskDate, Status, RoomId) VALUES (31, '2023-09-28', 'Pending', 28);
INSERT INTO Housekeeping (TaskID, TaskDate, Status, RoomId) VALUES (32, '2024-08-03', 'Completed', 38);
INSERT INTO Housekeeping (TaskID, TaskDate, Status, RoomId) VALUES (33, '2022-11-14', 'Pending', 51);
INSERT INTO Housekeeping (TaskID, TaskDate, Status, RoomId) VALUES (34, '2023-03-18', 'Completed', 372);
INSERT INTO Housekeeping (TaskID, TaskDate, Status, RoomId) VALUES (35, '2022-02-23', 'Completed', 362);
INSERT INTO Housekeeping (TaskID, TaskDate, Status, RoomId) VALUES (36, '2024-05-01', 'Pending', 180);
INSERT INTO Housekeeping (TaskID, TaskDate, Status, RoomId) VALUES (37, '2025-10-20', 'In Progress', 112);
INSERT INTO Housekeeping (TaskID, TaskDate, Status, RoomId) VALUES (38, '2022-10-10', 'Pending', 249);
INSERT INTO Housekeeping (TaskID, TaskDate, Status, RoomId) VALUES (39, '2025-12-17', 'In Progress', 364);
INSERT INTO Housekeeping (TaskID, TaskDate, Status, RoomId) VALUES (40, '2022-06-15', 'Completed', 192);
INSERT INTO Housekeeping (TaskID, TaskDate, Status, RoomId) VALUES (41, '2025-12-10', 'Completed', 33);
INSERT INTO Housekeeping (TaskID, TaskDate, Status, RoomId) VALUES (42, '2025-10-10', 'In Progress', 48);
INSERT INTO Housekeeping (TaskID, TaskDate, Status, RoomId) VALUES (43, '2022-12-13', 'Completed', 63);
INSERT INTO Housekeeping (TaskID, TaskDate, Status, RoomId) VALUES (44, '2024-07-15', 'Pending', 2);
INSERT INTO Housekeeping (TaskID, TaskDate, Status, RoomId) VALUES (45, '2022-11-08', 'Pending', 118);
INSERT INTO Housekeeping (TaskID, TaskDate, Status, RoomId) VALUES (46, '2023-01-09', 'Completed', 30);
INSERT INTO Housekeeping (TaskID, TaskDate, Status, RoomId) VALUES (47, '2023-08-22', 'In Progress', 29);
INSERT INTO Housekeeping (TaskID, TaskDate, Status, RoomId) VALUES (48, '2022-05-08', 'Pending', 174);
INSERT INTO Housekeeping (TaskID, TaskDate, Status, RoomId) VALUES (49, '2024-12-12', 'Pending', 162);
INSERT INTO Housekeeping (TaskID, TaskDate, Status, RoomId) VALUES (50, '2022-01-21', 'Completed', 396);
INSERT INTO Housekeeping (TaskID, TaskDate, Status, RoomId) VALUES (51, '2023-04-10', 'Completed', 55);
INSERT INTO Housekeeping (TaskID, TaskDate, Status, RoomId) VALUES (52, '2024-10-17', 'In Progress', 390);
INSERT INTO Housekeeping (TaskID, TaskDate, Status, RoomId) VALUES (53, '2022-09-27', 'In Progress', 362);
INSERT INTO Housekeeping (TaskID, TaskDate, Status, RoomId) VALUES (54, '2023-10-01', 'Pending', 337);
INSERT INTO Housekeeping (TaskID, TaskDate, Status, RoomId) VALUES (55, '2022-08-18', 'Completed', 375);
INSERT INTO Housekeeping (TaskID, TaskDate, Status, RoomId) VALUES (56, '2023-05-04', 'Pending', 348);
INSERT INTO Housekeeping (TaskID, TaskDate, Status, RoomId) VALUES (57, '2024-10-06', 'In Progress', 131);
INSERT INTO Housekeeping (TaskID, TaskDate, Status, RoomId) VALUES (58, '2024-09-05', 'In Progress', 188);
INSERT INTO Housekeeping (TaskID, TaskDate, Status, RoomId) VALUES (59, '2025-10-14', 'Completed', 355);
INSERT INTO Housekeeping (TaskID, TaskDate, Status, RoomId) VALUES (60, '2022-05-17', 'Completed', 358);
INSERT INTO Housekeeping (TaskID, TaskDate, Status, RoomId) VALUES (61, '2024-07-09', 'In Progress', 274);
INSERT INTO Housekeeping (TaskID, TaskDate, Status, RoomId) VALUES (62, '2022-04-06', 'In Progress', 158);
INSERT INTO Housekeeping (TaskID, TaskDate, Status, RoomId) VALUES (63, '2022-01-17', 'Pending', 37);
INSERT INTO Housekeeping (TaskID, TaskDate, Status, RoomId) VALUES (64, '2023-01-09', 'Completed', 200);
INSERT INTO Housekeeping (TaskID, TaskDate, Status, RoomId) VALUES (65, '2022-01-11', 'Pending', 147);
INSERT INTO Housekeeping (TaskID, TaskDate, Status, RoomId) VALUES (66, '2024-07-27', 'Pending', 336);
INSERT INTO Housekeeping (TaskID, TaskDate, Status, RoomId) VALUES (67, '2023-11-18', 'Pending', 318);
INSERT INTO Housekeeping (TaskID, TaskDate, Status, RoomId) VALUES (68, '2024-12-25', 'Completed', 319);
INSERT INTO Housekeeping (TaskID, TaskDate, Status, RoomId) VALUES (69, '2025-08-10', 'Pending', 374);
INSERT INTO Housekeeping (TaskID, TaskDate, Status, RoomId) VALUES (70, '2023-09-13', 'Pending', 399);
INSERT INTO Housekeeping (TaskID, TaskDate, Status, RoomId) VALUES (71, '2023-10-23', 'Pending', 389);
INSERT INTO Housekeeping (TaskID, TaskDate, Status, RoomId) VALUES (72, '2023-04-24', 'Pending', 340);
INSERT INTO Housekeeping (TaskID, TaskDate, Status, RoomId) VALUES (73, '2022-03-28', 'Pending', 252);
INSERT INTO Housekeeping (TaskID, TaskDate, Status, RoomId) VALUES (74, '2022-10-11', 'Pending', 277);
INSERT INTO Housekeeping (TaskID, TaskDate, Status, RoomId) VALUES (75, '2024-06-11', 'In Progress', 150);
INSERT INTO Housekeeping (TaskID, TaskDate, Status, RoomId) VALUES (76, '2024-08-07', 'Completed', 205);
INSERT INTO Housekeeping (TaskID, TaskDate, Status, RoomId) VALUES (77, '2022-06-13', 'In Progress', 3);
INSERT INTO Housekeeping (TaskID, TaskDate, Status, RoomId) VALUES (78, '2025-03-12', 'Completed', 137);
INSERT INTO Housekeeping (TaskID, TaskDate, Status, RoomId) VALUES (79, '2025-05-08', 'Completed', 283);
INSERT INTO Housekeeping (TaskID, TaskDate, Status, RoomId) VALUES (80, '2023-06-25', 'Completed', 91);
INSERT INTO Housekeeping (TaskID, TaskDate, Status, RoomId) VALUES (81, '2025-02-27', 'Completed', 238);
INSERT INTO Housekeeping (TaskID, TaskDate, Status, RoomId) VALUES (82, '2024-05-21', 'In Progress', 72);
INSERT INTO Housekeeping (TaskID, TaskDate, Status, RoomId) VALUES (83, '2024-10-26', 'Completed', 258);
INSERT INTO Housekeeping (TaskID, TaskDate, Status, RoomId) VALUES (84, '2024-01-08', 'Pending', 277);
INSERT INTO Housekeeping (TaskID, TaskDate, Status, RoomId) VALUES (85, '2022-08-08', 'In Progress', 119);
INSERT INTO Housekeeping (TaskID, TaskDate, Status, RoomId) VALUES (86, '2022-03-07', 'Completed', 75);
INSERT INTO Housekeeping (TaskID, TaskDate, Status, RoomId) VALUES (87, '2024-07-12', 'Pending', 102);
INSERT INTO Housekeeping (TaskID, TaskDate, Status, RoomId) VALUES (88, '2022-04-24', 'Completed', 271);
INSERT INTO Housekeeping (TaskID, TaskDate, Status, RoomId) VALUES (89, '2023-06-01', 'Completed', 80);
INSERT INTO Housekeeping (TaskID, TaskDate, Status, RoomId) VALUES (90, '2023-08-06', 'Completed', 177);
INSERT INTO Housekeeping (TaskID, TaskDate, Status, RoomId) VALUES (91, '2024-09-09', 'Pending', 123);
INSERT INTO Housekeeping (TaskID, TaskDate, Status, RoomId) VALUES (92, '2023-02-04', 'In Progress', 358);
INSERT INTO Housekeeping (TaskID, TaskDate, Status, RoomId) VALUES (93, '2024-05-20', 'Pending', 332);
INSERT INTO Housekeeping (TaskID, TaskDate, Status, RoomId) VALUES (94, '2025-05-06', 'In Progress', 154);
INSERT INTO Housekeeping (TaskID, TaskDate, Status, RoomId) VALUES (95, '2022-05-07', 'Pending', 386);
INSERT INTO Housekeeping (TaskID, TaskDate, Status, RoomId) VALUES (96, '2023-11-12', 'Pending', 99);
INSERT INTO Housekeeping (TaskID, TaskDate, Status, RoomId) VALUES (97, '2024-03-30', 'In Progress', 241);
INSERT INTO Housekeeping (TaskID, TaskDate, Status, RoomId) VALUES (98, '2022-07-21', 'In Progress', 279);
INSERT INTO Housekeeping (TaskID, TaskDate, Status, RoomId) VALUES (99, '2025-08-01', 'Completed', 94);
INSERT INTO Housekeeping (TaskID, TaskDate, Status, RoomId) VALUES (100, '2023-06-23', 'Completed', 31);
INSERT INTO Housekeeping (TaskID, TaskDate, Status, RoomId) VALUES (101, '2025-12-31', 'Pending', 330);
INSERT INTO Housekeeping (TaskID, TaskDate, Status, RoomId) VALUES (102, '2025-10-09', 'Pending', 81);
INSERT INTO Housekeeping (TaskID, TaskDate, Status, RoomId) VALUES (103, '2024-07-17', 'In Progress', 233);
INSERT INTO Housekeeping (TaskID, TaskDate, Status, RoomId) VALUES (104, '2025-07-22', 'Completed', 397);
INSERT INTO Housekeeping (TaskID, TaskDate, Status, RoomId) VALUES (105, '2024-04-14', 'Completed', 240);
INSERT INTO Housekeeping (TaskID, TaskDate, Status, RoomId) VALUES (106, '2024-08-31', 'In Progress', 300);
INSERT INTO Housekeeping (TaskID, TaskDate, Status, RoomId) VALUES (107, '2025-07-04', 'In Progress', 273);
INSERT INTO Housekeeping (TaskID, TaskDate, Status, RoomId) VALUES (108, '2023-10-04', 'In Progress', 90);
INSERT INTO Housekeeping (TaskID, TaskDate, Status, RoomId) VALUES (109, '2025-09-06', 'In Progress', 31);
INSERT INTO Housekeeping (TaskID, TaskDate, Status, RoomId) VALUES (110, '2025-01-23', 'Pending', 193);
INSERT INTO Housekeeping (TaskID, TaskDate, Status, RoomId) VALUES (111, '2024-01-30', 'Pending', 270);
INSERT INTO Housekeeping (TaskID, TaskDate, Status, RoomId) VALUES (112, '2025-10-25', 'Completed', 156);
INSERT INTO Housekeeping (TaskID, TaskDate, Status, RoomId) VALUES (113, '2025-05-13', 'In Progress', 32);
INSERT INTO Housekeeping (TaskID, TaskDate, Status, RoomId) VALUES (114, '2025-09-03', 'Completed', 18);
INSERT INTO Housekeeping (TaskID, TaskDate, Status, RoomId) VALUES (115, '2024-01-27', 'In Progress', 284);
INSERT INTO Housekeeping (TaskID, TaskDate, Status, RoomId) VALUES (116, '2024-08-30', 'Completed', 232);
INSERT INTO Housekeeping (TaskID, TaskDate, Status, RoomId) VALUES (117, '2024-06-26', 'Completed', 55);
INSERT INTO Housekeeping (TaskID, TaskDate, Status, RoomId) VALUES (118, '2025-12-01', 'Pending', 120);
INSERT INTO Housekeeping (TaskID, TaskDate, Status, RoomId) VALUES (119, '2022-09-26', 'Completed', 137);
INSERT INTO Housekeeping (TaskID, TaskDate, Status, RoomId) VALUES (120, '2024-09-11', 'Completed', 35);
INSERT INTO Housekeeping (TaskID, TaskDate, Status, RoomId) VALUES (121, '2023-03-17', 'Pending', 353);
INSERT INTO Housekeeping (TaskID, TaskDate, Status, RoomId) VALUES (122, '2025-07-26', 'Completed', 282);
INSERT INTO Housekeeping (TaskID, TaskDate, Status, RoomId) VALUES (123, '2022-03-06', 'Pending', 187);
INSERT INTO Housekeeping (TaskID, TaskDate, Status, RoomId) VALUES (124, '2023-03-07', 'Pending', 231);
INSERT INTO Housekeeping (TaskID, TaskDate, Status, RoomId) VALUES (125, '2024-07-31', 'Completed', 343);
INSERT INTO Housekeeping (TaskID, TaskDate, Status, RoomId) VALUES (126, '2023-01-18', 'Pending', 116);
INSERT INTO Housekeeping (TaskID, TaskDate, Status, RoomId) VALUES (127, '2025-03-28', 'Completed', 120);
INSERT INTO Housekeeping (TaskID, TaskDate, Status, RoomId) VALUES (128, '2023-01-31', 'Completed', 268);
INSERT INTO Housekeeping (TaskID, TaskDate, Status, RoomId) VALUES (129, '2022-06-05', 'Completed', 34);
INSERT INTO Housekeeping (TaskID, TaskDate, Status, RoomId) VALUES (130, '2024-06-24', 'In Progress', 45);
INSERT INTO Housekeeping (TaskID, TaskDate, Status, RoomId) VALUES (131, '2023-09-24', 'In Progress', 144);
INSERT INTO Housekeeping (TaskID, TaskDate, Status, RoomId) VALUES (132, '2022-05-25', 'Completed', 143);
INSERT INTO Housekeeping (TaskID, TaskDate, Status, RoomId) VALUES (133, '2024-02-29', 'Pending', 301);
INSERT INTO Housekeeping (TaskID, TaskDate, Status, RoomId) VALUES (134, '2023-03-30', 'Pending', 238);
INSERT INTO Housekeeping (TaskID, TaskDate, Status, RoomId) VALUES (135, '2023-07-20', 'Completed', 244);
INSERT INTO Housekeeping (TaskID, TaskDate, Status, RoomId) VALUES (136, '2024-01-09', 'Completed', 59);
INSERT INTO Housekeeping (TaskID, TaskDate, Status, RoomId) VALUES (137, '2022-06-19', 'Pending', 377);
INSERT INTO Housekeeping (TaskID, TaskDate, Status, RoomId) VALUES (138, '2024-01-12', 'In Progress', 385);
INSERT INTO Housekeeping (TaskID, TaskDate, Status, RoomId) VALUES (139, '2024-03-19', 'In Progress', 345);
INSERT INTO Housekeeping (TaskID, TaskDate, Status, RoomId) VALUES (140, '2023-05-02', 'In Progress', 53);
INSERT INTO Housekeeping (TaskID, TaskDate, Status, RoomId) VALUES (141, '2025-07-28', 'Completed', 307);
INSERT INTO Housekeeping (TaskID, TaskDate, Status, RoomId) VALUES (142, '2023-11-18', 'Completed', 211);
INSERT INTO Housekeeping (TaskID, TaskDate, Status, RoomId) VALUES (143, '2024-05-16', 'Completed', 383);
INSERT INTO Housekeeping (TaskID, TaskDate, Status, RoomId) VALUES (144, '2025-05-05', 'Completed', 169);
INSERT INTO Housekeeping (TaskID, TaskDate, Status, RoomId) VALUES (145, '2022-04-10', 'In Progress', 305);
INSERT INTO Housekeeping (TaskID, TaskDate, Status, RoomId) VALUES (146, '2024-04-15', 'In Progress', 255);
INSERT INTO Housekeeping (TaskID, TaskDate, Status, RoomId) VALUES (147, '2023-01-12', 'Completed', 172);
INSERT INTO Housekeeping (TaskID, TaskDate, Status, RoomId) VALUES (148, '2024-02-17', 'Completed', 357);
INSERT INTO Housekeeping (TaskID, TaskDate, Status, RoomId) VALUES (149, '2023-09-15', 'Completed', 50);
INSERT INTO Housekeeping (TaskID, TaskDate, Status, RoomId) VALUES (150, '2023-07-17', 'Pending', 127);
INSERT INTO Housekeeping (TaskID, TaskDate, Status, RoomId) VALUES (151, '2024-07-16', 'Pending', 268);
INSERT INTO Housekeeping (TaskID, TaskDate, Status, RoomId) VALUES (152, '2023-08-15', 'In Progress', 206);
INSERT INTO Housekeeping (TaskID, TaskDate, Status, RoomId) VALUES (153, '2025-08-24', 'Completed', 395);
INSERT INTO Housekeeping (TaskID, TaskDate, Status, RoomId) VALUES (154, '2025-03-28', 'Pending', 167);
INSERT INTO Housekeeping (TaskID, TaskDate, Status, RoomId) VALUES (155, '2023-11-14', 'In Progress', 225);
INSERT INTO Housekeeping (TaskID, TaskDate, Status, RoomId) VALUES (156, '2022-07-15', 'Pending', 74);
INSERT INTO Housekeeping (TaskID, TaskDate, Status, RoomId) VALUES (157, '2022-12-02', 'Pending', 222);
INSERT INTO Housekeeping (TaskID, TaskDate, Status, RoomId) VALUES (158, '2023-12-21', 'Completed', 374);
INSERT INTO Housekeeping (TaskID, TaskDate, Status, RoomId) VALUES (159, '2024-12-24', 'Pending', 144);
INSERT INTO Housekeeping (TaskID, TaskDate, Status, RoomId) VALUES (160, '2025-08-20', 'In Progress', 137);
INSERT INTO Housekeeping (TaskID, TaskDate, Status, RoomId) VALUES (161, '2022-07-17', 'Completed', 338);
INSERT INTO Housekeeping (TaskID, TaskDate, Status, RoomId) VALUES (162, '2023-05-18', 'In Progress', 99);
INSERT INTO Housekeeping (TaskID, TaskDate, Status, RoomId) VALUES (163, '2024-09-29', 'In Progress', 36);
INSERT INTO Housekeeping (TaskID, TaskDate, Status, RoomId) VALUES (164, '2024-07-04', 'Pending', 294);
INSERT INTO Housekeeping (TaskID, TaskDate, Status, RoomId) VALUES (165, '2023-10-31', 'Completed', 255);
INSERT INTO Housekeeping (TaskID, TaskDate, Status, RoomId) VALUES (166, '2023-05-12', 'Pending', 42);
INSERT INTO Housekeeping (TaskID, TaskDate, Status, RoomId) VALUES (167, '2022-02-19', 'Pending', 37);
INSERT INTO Housekeeping (TaskID, TaskDate, Status, RoomId) VALUES (168, '2022-11-30', 'Pending', 69);
INSERT INTO Housekeeping (TaskID, TaskDate, Status, RoomId) VALUES (169, '2025-01-12', 'Pending', 52);
INSERT INTO Housekeeping (TaskID, TaskDate, Status, RoomId) VALUES (170, '2022-03-01', 'In Progress', 14);
INSERT INTO Housekeeping (TaskID, TaskDate, Status, RoomId) VALUES (171, '2023-08-02', 'Completed', 317);
INSERT INTO Housekeeping (TaskID, TaskDate, Status, RoomId) VALUES (172, '2024-11-14', 'Completed', 153);
INSERT INTO Housekeeping (TaskID, TaskDate, Status, RoomId) VALUES (173, '2024-12-09', 'Pending', 186);
INSERT INTO Housekeeping (TaskID, TaskDate, Status, RoomId) VALUES (174, '2023-04-05', 'Completed', 52);
INSERT INTO Housekeeping (TaskID, TaskDate, Status, RoomId) VALUES (175, '2024-06-20', 'Pending', 165);
INSERT INTO Housekeeping (TaskID, TaskDate, Status, RoomId) VALUES (176, '2025-05-29', 'In Progress', 145);
INSERT INTO Housekeeping (TaskID, TaskDate, Status, RoomId) VALUES (177, '2022-06-17', 'Completed', 320);
INSERT INTO Housekeeping (TaskID, TaskDate, Status, RoomId) VALUES (178, '2025-03-11', 'Completed', 250);
INSERT INTO Housekeeping (TaskID, TaskDate, Status, RoomId) VALUES (179, '2025-03-22', 'Completed', 106);
INSERT INTO Housekeeping (TaskID, TaskDate, Status, RoomId) VALUES (180, '2022-01-20', 'Completed', 91);
INSERT INTO Housekeeping (TaskID, TaskDate, Status, RoomId) VALUES (181, '2023-01-11', 'Completed', 121);
INSERT INTO Housekeeping (TaskID, TaskDate, Status, RoomId) VALUES (182, '2025-02-17', 'Pending', 79);
INSERT INTO Housekeeping (TaskID, TaskDate, Status, RoomId) VALUES (183, '2023-02-27', 'Pending', 175);
INSERT INTO Housekeeping (TaskID, TaskDate, Status, RoomId) VALUES (184, '2022-06-24', 'Completed', 252);
INSERT INTO Housekeeping (TaskID, TaskDate, Status, RoomId) VALUES (185, '2025-08-04', 'Pending', 296);
INSERT INTO Housekeeping (TaskID, TaskDate, Status, RoomId) VALUES (186, '2022-05-03', 'Pending', 361);
INSERT INTO Housekeeping (TaskID, TaskDate, Status, RoomId) VALUES (187, '2023-10-19', 'Completed', 317);
INSERT INTO Housekeeping (TaskID, TaskDate, Status, RoomId) VALUES (188, '2022-06-09', 'In Progress', 191);
INSERT INTO Housekeeping (TaskID, TaskDate, Status, RoomId) VALUES (189, '2024-05-28', 'Completed', 395);
INSERT INTO Housekeeping (TaskID, TaskDate, Status, RoomId) VALUES (190, '2022-10-21', 'Pending', 350);
INSERT INTO Housekeeping (TaskID, TaskDate, Status, RoomId) VALUES (191, '2023-03-15', 'Completed', 369);
INSERT INTO Housekeeping (TaskID, TaskDate, Status, RoomId) VALUES (192, '2023-03-18', 'In Progress', 396);
INSERT INTO Housekeeping (TaskID, TaskDate, Status, RoomId) VALUES (193, '2022-08-26', 'Completed', 138);
INSERT INTO Housekeeping (TaskID, TaskDate, Status, RoomId) VALUES (194, '2022-08-26', 'In Progress', 36);
INSERT INTO Housekeeping (TaskID, TaskDate, Status, RoomId) VALUES (195, '2022-05-12', 'In Progress', 226);
INSERT INTO Housekeeping (TaskID, TaskDate, Status, RoomId) VALUES (196, '2025-03-18', 'Pending', 339);
INSERT INTO Housekeeping (TaskID, TaskDate, Status, RoomId) VALUES (197, '2022-09-14', 'Pending', 299);
INSERT INTO Housekeeping (TaskID, TaskDate, Status, RoomId) VALUES (198, '2023-07-28', 'Completed', 274);
INSERT INTO Housekeeping (TaskID, TaskDate, Status, RoomId) VALUES (199, '2025-04-13', 'In Progress', 297);
INSERT INTO Housekeeping (TaskID, TaskDate, Status, RoomId) VALUES (200, '2023-05-19', 'Pending', 347);
INSERT INTO Housekeeping (TaskID, TaskDate, Status, RoomId) VALUES (201, '2023-10-20', 'Pending', 35);
INSERT INTO Housekeeping (TaskID, TaskDate, Status, RoomId) VALUES (202, '2025-04-17', 'In Progress', 124);
INSERT INTO Housekeeping (TaskID, TaskDate, Status, RoomId) VALUES (203, '2024-04-05', 'In Progress', 190);
INSERT INTO Housekeeping (TaskID, TaskDate, Status, RoomId) VALUES (204, '2023-07-06', 'Completed', 62);
INSERT INTO Housekeeping (TaskID, TaskDate, Status, RoomId) VALUES (205, '2023-06-01', 'Pending', 296);
INSERT INTO Housekeeping (TaskID, TaskDate, Status, RoomId) VALUES (206, '2022-07-30', 'Pending', 344);
INSERT INTO Housekeeping (TaskID, TaskDate, Status, RoomId) VALUES (207, '2022-10-05', 'Completed', 215);
INSERT INTO Housekeeping (TaskID, TaskDate, Status, RoomId) VALUES (208, '2024-06-09', 'Pending', 206);
INSERT INTO Housekeeping (TaskID, TaskDate, Status, RoomId) VALUES (209, '2022-08-15', 'Completed', 341);
INSERT INTO Housekeeping (TaskID, TaskDate, Status, RoomId) VALUES (210, '2025-05-17', 'Pending', 126);
INSERT INTO Housekeeping (TaskID, TaskDate, Status, RoomId) VALUES (211, '2022-05-13', 'Pending', 74);
INSERT INTO Housekeeping (TaskID, TaskDate, Status, RoomId) VALUES (212, '2025-02-23', 'Pending', 237);
INSERT INTO Housekeeping (TaskID, TaskDate, Status, RoomId) VALUES (213, '2024-12-18', 'Completed', 334);
INSERT INTO Housekeeping (TaskID, TaskDate, Status, RoomId) VALUES (214, '2025-01-28', 'Completed', 7);
INSERT INTO Housekeeping (TaskID, TaskDate, Status, RoomId) VALUES (215, '2022-02-07', 'Pending', 80);
INSERT INTO Housekeeping (TaskID, TaskDate, Status, RoomId) VALUES (216, '2025-01-20', 'In Progress', 399);
INSERT INTO Housekeeping (TaskID, TaskDate, Status, RoomId) VALUES (217, '2024-09-18', 'Completed', 220);
INSERT INTO Housekeeping (TaskID, TaskDate, Status, RoomId) VALUES (218, '2022-05-09', 'In Progress', 291);
INSERT INTO Housekeeping (TaskID, TaskDate, Status, RoomId) VALUES (219, '2022-06-18', 'In Progress', 365);
INSERT INTO Housekeeping (TaskID, TaskDate, Status, RoomId) VALUES (220, '2022-11-03', 'Pending', 233);
INSERT INTO Housekeeping (TaskID, TaskDate, Status, RoomId) VALUES (221, '2022-06-06', 'In Progress', 105);
INSERT INTO Housekeeping (TaskID, TaskDate, Status, RoomId) VALUES (222, '2023-09-10', 'In Progress', 362);
INSERT INTO Housekeeping (TaskID, TaskDate, Status, RoomId) VALUES (223, '2022-06-18', 'Completed', 49);
INSERT INTO Housekeeping (TaskID, TaskDate, Status, RoomId) VALUES (224, '2022-07-31', 'In Progress', 299);
INSERT INTO Housekeeping (TaskID, TaskDate, Status, RoomId) VALUES (225, '2024-10-13', 'Pending', 160);
INSERT INTO Housekeeping (TaskID, TaskDate, Status, RoomId) VALUES (226, '2024-11-16', 'Completed', 45);
INSERT INTO Housekeeping (TaskID, TaskDate, Status, RoomId) VALUES (227, '2024-03-21', 'Pending', 171);
INSERT INTO Housekeeping (TaskID, TaskDate, Status, RoomId) VALUES (228, '2023-08-06', 'In Progress', 136);
INSERT INTO Housekeeping (TaskID, TaskDate, Status, RoomId) VALUES (229, '2025-05-18', 'Completed', 390);
INSERT INTO Housekeeping (TaskID, TaskDate, Status, RoomId) VALUES (230, '2022-04-26', 'Pending', 227);
INSERT INTO Housekeeping (TaskID, TaskDate, Status, RoomId) VALUES (231, '2025-06-14', 'In Progress', 50);
INSERT INTO Housekeeping (TaskID, TaskDate, Status, RoomId) VALUES (232, '2024-12-22', 'Completed', 46);
INSERT INTO Housekeeping (TaskID, TaskDate, Status, RoomId) VALUES (233, '2025-07-07', 'In Progress', 180);
INSERT INTO Housekeeping (TaskID, TaskDate, Status, RoomId) VALUES (234, '2024-12-01', 'Completed', 45);
INSERT INTO Housekeeping (TaskID, TaskDate, Status, RoomId) VALUES (235, '2022-01-23', 'In Progress', 56);
INSERT INTO Housekeeping (TaskID, TaskDate, Status, RoomId) VALUES (236, '2024-03-12', 'In Progress', 49);
INSERT INTO Housekeeping (TaskID, TaskDate, Status, RoomId) VALUES (237, '2022-10-31', 'Pending', 172);
INSERT INTO Housekeeping (TaskID, TaskDate, Status, RoomId) VALUES (238, '2023-06-07', 'Pending', 283);
INSERT INTO Housekeeping (TaskID, TaskDate, Status, RoomId) VALUES (239, '2025-04-14', 'In Progress', 69);
INSERT INTO Housekeeping (TaskID, TaskDate, Status, RoomId) VALUES (240, '2024-07-02', 'In Progress', 84);
INSERT INTO Housekeeping (TaskID, TaskDate, Status, RoomId) VALUES (241, '2024-03-09', 'In Progress', 329);
INSERT INTO Housekeeping (TaskID, TaskDate, Status, RoomId) VALUES (242, '2025-05-07', 'Pending', 81);
INSERT INTO Housekeeping (TaskID, TaskDate, Status, RoomId) VALUES (243, '2023-05-21', 'Completed', 217);
INSERT INTO Housekeeping (TaskID, TaskDate, Status, RoomId) VALUES (244, '2024-10-08', 'Completed', 21);
INSERT INTO Housekeeping (TaskID, TaskDate, Status, RoomId) VALUES (245, '2023-08-08', 'Pending', 114);
INSERT INTO Housekeeping (TaskID, TaskDate, Status, RoomId) VALUES (246, '2024-11-18', 'Completed', 120);
INSERT INTO Housekeeping (TaskID, TaskDate, Status, RoomId) VALUES (247, '2023-02-28', 'Pending', 92);
INSERT INTO Housekeeping (TaskID, TaskDate, Status, RoomId) VALUES (248, '2022-06-02', 'Pending', 160);
INSERT INTO Housekeeping (TaskID, TaskDate, Status, RoomId) VALUES (249, '2022-03-29', 'Completed', 74);
INSERT INTO Housekeeping (TaskID, TaskDate, Status, RoomId) VALUES (250, '2025-02-21', 'In Progress', 139);
INSERT INTO Housekeeping (TaskID, TaskDate, Status, RoomId) VALUES (251, '2023-01-08', 'Pending', 249);
INSERT INTO Housekeeping (TaskID, TaskDate, Status, RoomId) VALUES (252, '2025-05-02', 'In Progress', 237);
INSERT INTO Housekeeping (TaskID, TaskDate, Status, RoomId) VALUES (253, '2022-03-05', 'Pending', 361);
INSERT INTO Housekeeping (TaskID, TaskDate, Status, RoomId) VALUES (254, '2022-10-31', 'Completed', 113);
INSERT INTO Housekeeping (TaskID, TaskDate, Status, RoomId) VALUES (255, '2024-05-27', 'Pending', 366);
INSERT INTO Housekeeping (TaskID, TaskDate, Status, RoomId) VALUES (256, '2022-04-29', 'Pending', 290);
INSERT INTO Housekeeping (TaskID, TaskDate, Status, RoomId) VALUES (257, '2024-10-07', 'In Progress', 74);
INSERT INTO Housekeeping (TaskID, TaskDate, Status, RoomId) VALUES (258, '2025-11-04', 'Completed', 79);
INSERT INTO Housekeeping (TaskID, TaskDate, Status, RoomId) VALUES (259, '2023-01-04', 'In Progress', 172);
INSERT INTO Housekeeping (TaskID, TaskDate, Status, RoomId) VALUES (260, '2024-11-30', 'Completed', 195);
INSERT INTO Housekeeping (TaskID, TaskDate, Status, RoomId) VALUES (261, '2024-05-28', 'In Progress', 229);
INSERT INTO Housekeeping (TaskID, TaskDate, Status, RoomId) VALUES (262, '2025-04-21', 'Pending', 20);
INSERT INTO Housekeeping (TaskID, TaskDate, Status, RoomId) VALUES (263, '2025-01-18', 'Completed', 283);
INSERT INTO Housekeeping (TaskID, TaskDate, Status, RoomId) VALUES (264, '2022-02-24', 'Pending', 92);
INSERT INTO Housekeeping (TaskID, TaskDate, Status, RoomId) VALUES (265, '2023-05-09', 'In Progress', 345);
INSERT INTO Housekeeping (TaskID, TaskDate, Status, RoomId) VALUES (266, '2022-04-07', 'Pending', 137);
INSERT INTO Housekeeping (TaskID, TaskDate, Status, RoomId) VALUES (267, '2023-05-26', 'In Progress', 125);
INSERT INTO Housekeeping (TaskID, TaskDate, Status, RoomId) VALUES (268, '2023-08-01', 'Completed', 317);
INSERT INTO Housekeeping (TaskID, TaskDate, Status, RoomId) VALUES (269, '2025-07-02', 'In Progress', 144);
INSERT INTO Housekeeping (TaskID, TaskDate, Status, RoomId) VALUES (270, '2023-10-30', 'Pending', 160);
INSERT INTO Housekeeping (TaskID, TaskDate, Status, RoomId) VALUES (271, '2024-09-05', 'Completed', 386);
INSERT INTO Housekeeping (TaskID, TaskDate, Status, RoomId) VALUES (272, '2025-08-31', 'Pending', 187);
INSERT INTO Housekeeping (TaskID, TaskDate, Status, RoomId) VALUES (273, '2024-12-29', 'Pending', 119);
INSERT INTO Housekeeping (TaskID, TaskDate, Status, RoomId) VALUES (274, '2023-05-04', 'In Progress', 221);
INSERT INTO Housekeeping (TaskID, TaskDate, Status, RoomId) VALUES (275, '2025-09-05', 'In Progress', 239);
INSERT INTO Housekeeping (TaskID, TaskDate, Status, RoomId) VALUES (276, '2024-02-13', 'Completed', 91);
INSERT INTO Housekeeping (TaskID, TaskDate, Status, RoomId) VALUES (277, '2025-11-17', 'Pending', 7);
INSERT INTO Housekeeping (TaskID, TaskDate, Status, RoomId) VALUES (278, '2025-11-09', 'Completed', 347);
INSERT INTO Housekeeping (TaskID, TaskDate, Status, RoomId) VALUES (279, '2023-10-31', 'In Progress', 140);
INSERT INTO Housekeeping (TaskID, TaskDate, Status, RoomId) VALUES (280, '2025-06-10', 'Completed', 2);
INSERT INTO Housekeeping (TaskID, TaskDate, Status, RoomId) VALUES (281, '2023-03-05', 'In Progress', 259);
INSERT INTO Housekeeping (TaskID, TaskDate, Status, RoomId) VALUES (282, '2022-04-08', 'Completed', 370);
INSERT INTO Housekeeping (TaskID, TaskDate, Status, RoomId) VALUES (283, '2024-09-12', 'Completed', 171);
INSERT INTO Housekeeping (TaskID, TaskDate, Status, RoomId) VALUES (284, '2022-10-29', 'Pending', 172);
INSERT INTO Housekeeping (TaskID, TaskDate, Status, RoomId) VALUES (285, '2023-08-06', 'Pending', 237);
INSERT INTO Housekeeping (TaskID, TaskDate, Status, RoomId) VALUES (286, '2025-02-22', 'In Progress', 249);
INSERT INTO Housekeeping (TaskID, TaskDate, Status, RoomId) VALUES (287, '2022-08-02', 'Completed', 228);
INSERT INTO Housekeeping (TaskID, TaskDate, Status, RoomId) VALUES (288, '2022-05-01', 'In Progress', 379);
INSERT INTO Housekeeping (TaskID, TaskDate, Status, RoomId) VALUES (289, '2023-01-24', 'Pending', 375);
INSERT INTO Housekeeping (TaskID, TaskDate, Status, RoomId) VALUES (290, '2022-03-16', 'Completed', 363);
INSERT INTO Housekeeping (TaskID, TaskDate, Status, RoomId) VALUES (291, '2022-09-16', 'Pending', 353);
INSERT INTO Housekeeping (TaskID, TaskDate, Status, RoomId) VALUES (292, '2025-07-09', 'Completed', 24);
INSERT INTO Housekeeping (TaskID, TaskDate, Status, RoomId) VALUES (293, '2024-06-14', 'Pending', 73);
INSERT INTO Housekeeping (TaskID, TaskDate, Status, RoomId) VALUES (294, '2023-03-29', 'Pending', 374);
INSERT INTO Housekeeping (TaskID, TaskDate, Status, RoomId) VALUES (295, '2023-05-25', 'Completed', 150);
INSERT INTO Housekeeping (TaskID, TaskDate, Status, RoomId) VALUES (296, '2025-03-20', 'In Progress', 342);
INSERT INTO Housekeeping (TaskID, TaskDate, Status, RoomId) VALUES (297, '2023-09-16', 'Pending', 13);
INSERT INTO Housekeeping (TaskID, TaskDate, Status, RoomId) VALUES (298, '2024-07-24', 'Pending', 110);
INSERT INTO Housekeeping (TaskID, TaskDate, Status, RoomId) VALUES (299, '2025-02-06', 'Pending', 364);
INSERT INTO Housekeeping (TaskID, TaskDate, Status, RoomId) VALUES (300, '2025-12-12', 'Completed', 225);
INSERT INTO Housekeeping (TaskID, TaskDate, Status, RoomId) VALUES (301, '2024-02-05', 'Pending', 22);
INSERT INTO Housekeeping (TaskID, TaskDate, Status, RoomId) VALUES (302, '2024-09-13', 'In Progress', 106);
INSERT INTO Housekeeping (TaskID, TaskDate, Status, RoomId) VALUES (303, '2022-04-21', 'Completed', 144);
INSERT INTO Housekeeping (TaskID, TaskDate, Status, RoomId) VALUES (304, '2023-05-03', 'In Progress', 104);
INSERT INTO Housekeeping (TaskID, TaskDate, Status, RoomId) VALUES (305, '2025-01-10', 'Pending', 89);
INSERT INTO Housekeeping (TaskID, TaskDate, Status, RoomId) VALUES (306, '2025-01-28', 'In Progress', 165);
INSERT INTO Housekeeping (TaskID, TaskDate, Status, RoomId) VALUES (307, '2023-07-12', 'In Progress', 64);
INSERT INTO Housekeeping (TaskID, TaskDate, Status, RoomId) VALUES (308, '2024-02-24', 'In Progress', 298);
INSERT INTO Housekeeping (TaskID, TaskDate, Status, RoomId) VALUES (309, '2022-08-28', 'Completed', 26);
INSERT INTO Housekeeping (TaskID, TaskDate, Status, RoomId) VALUES (310, '2025-12-12', 'Completed', 229);
INSERT INTO Housekeeping (TaskID, TaskDate, Status, RoomId) VALUES (311, '2023-03-24', 'Pending', 153);
INSERT INTO Housekeeping (TaskID, TaskDate, Status, RoomId) VALUES (312, '2024-09-08', 'Completed', 362);
INSERT INTO Housekeeping (TaskID, TaskDate, Status, RoomId) VALUES (313, '2023-10-06', 'Completed', 353);
INSERT INTO Housekeeping (TaskID, TaskDate, Status, RoomId) VALUES (314, '2025-05-12', 'Pending', 60);
INSERT INTO Housekeeping (TaskID, TaskDate, Status, RoomId) VALUES (315, '2022-09-04', 'In Progress', 338);
INSERT INTO Housekeeping (TaskID, TaskDate, Status, RoomId) VALUES (316, '2022-04-28', 'Completed', 192);
INSERT INTO Housekeeping (TaskID, TaskDate, Status, RoomId) VALUES (317, '2024-11-04', 'Completed', 269);
INSERT INTO Housekeeping (TaskID, TaskDate, Status, RoomId) VALUES (318, '2025-01-01', 'Completed', 273);
INSERT INTO Housekeeping (TaskID, TaskDate, Status, RoomId) VALUES (319, '2025-10-15', 'Pending', 201);
INSERT INTO Housekeeping (TaskID, TaskDate, Status, RoomId) VALUES (320, '2022-12-03', 'In Progress', 10);
INSERT INTO Housekeeping (TaskID, TaskDate, Status, RoomId) VALUES (321, '2024-02-01', 'In Progress', 213);
INSERT INTO Housekeeping (TaskID, TaskDate, Status, RoomId) VALUES (322, '2023-04-08', 'Pending', 155);
INSERT INTO Housekeeping (TaskID, TaskDate, Status, RoomId) VALUES (323, '2022-03-08', 'Completed', 232);
INSERT INTO Housekeeping (TaskID, TaskDate, Status, RoomId) VALUES (324, '2022-09-28', 'In Progress', 350);
INSERT INTO Housekeeping (TaskID, TaskDate, Status, RoomId) VALUES (325, '2022-02-26', 'Pending', 109);
INSERT INTO Housekeeping (TaskID, TaskDate, Status, RoomId) VALUES (326, '2024-12-27', 'Completed', 24);
INSERT INTO Housekeeping (TaskID, TaskDate, Status, RoomId) VALUES (327, '2024-03-22', 'Completed', 7);
INSERT INTO Housekeeping (TaskID, TaskDate, Status, RoomId) VALUES (328, '2022-12-11', 'Completed', 133);
INSERT INTO Housekeeping (TaskID, TaskDate, Status, RoomId) VALUES (329, '2023-02-08', 'Pending', 16);
INSERT INTO Housekeeping (TaskID, TaskDate, Status, RoomId) VALUES (330, '2022-05-03', 'Pending', 370);
INSERT INTO Housekeeping (TaskID, TaskDate, Status, RoomId) VALUES (331, '2023-06-19', 'Pending', 381);
INSERT INTO Housekeeping (TaskID, TaskDate, Status, RoomId) VALUES (332, '2025-03-02', 'Pending', 18);
INSERT INTO Housekeeping (TaskID, TaskDate, Status, RoomId) VALUES (333, '2024-03-09', 'In Progress', 17);
INSERT INTO Housekeeping (TaskID, TaskDate, Status, RoomId) VALUES (334, '2024-09-08', 'In Progress', 302);
INSERT INTO Housekeeping (TaskID, TaskDate, Status, RoomId) VALUES (335, '2024-02-14', 'In Progress', 341);
INSERT INTO Housekeeping (TaskID, TaskDate, Status, RoomId) VALUES (336, '2024-06-23', 'In Progress', 316);
INSERT INTO Housekeeping (TaskID, TaskDate, Status, RoomId) VALUES (337, '2024-08-04', 'Completed', 318);
INSERT INTO Housekeeping (TaskID, TaskDate, Status, RoomId) VALUES (338, '2025-08-10', 'Completed', 157);
INSERT INTO Housekeeping (TaskID, TaskDate, Status, RoomId) VALUES (339, '2022-03-06', 'In Progress', 291);
INSERT INTO Housekeeping (TaskID, TaskDate, Status, RoomId) VALUES (340, '2023-06-20', 'In Progress', 255);
INSERT INTO Housekeeping (TaskID, TaskDate, Status, RoomId) VALUES (341, '2023-07-22', 'Pending', 197);
INSERT INTO Housekeeping (TaskID, TaskDate, Status, RoomId) VALUES (342, '2025-12-02', 'Pending', 72);
INSERT INTO Housekeeping (TaskID, TaskDate, Status, RoomId) VALUES (343, '2022-04-14', 'Completed', 66);
INSERT INTO Housekeeping (TaskID, TaskDate, Status, RoomId) VALUES (344, '2023-10-09', 'Pending', 66);
INSERT INTO Housekeeping (TaskID, TaskDate, Status, RoomId) VALUES (345, '2022-11-05', 'Completed', 191);
INSERT INTO Housekeeping (TaskID, TaskDate, Status, RoomId) VALUES (346, '2024-07-19', 'Completed', 323);
INSERT INTO Housekeeping (TaskID, TaskDate, Status, RoomId) VALUES (347, '2022-01-05', 'Pending', 8);
INSERT INTO Housekeeping (TaskID, TaskDate, Status, RoomId) VALUES (348, '2023-04-02', 'Completed', 222);
INSERT INTO Housekeeping (TaskID, TaskDate, Status, RoomId) VALUES (349, '2025-10-04', 'Completed', 118);
INSERT INTO Housekeeping (TaskID, TaskDate, Status, RoomId) VALUES (350, '2024-07-07', 'Pending', 66);
INSERT INTO Housekeeping (TaskID, TaskDate, Status, RoomId) VALUES (351, '2022-01-01', 'Pending', 369);
INSERT INTO Housekeeping (TaskID, TaskDate, Status, RoomId) VALUES (352, '2025-10-20', 'Completed', 4);
INSERT INTO Housekeeping (TaskID, TaskDate, Status, RoomId) VALUES (353, '2023-03-04', 'In Progress', 181);
INSERT INTO Housekeeping (TaskID, TaskDate, Status, RoomId) VALUES (354, '2022-08-21', 'In Progress', 57);
INSERT INTO Housekeeping (TaskID, TaskDate, Status, RoomId) VALUES (355, '2023-10-20', 'Pending', 303);
INSERT INTO Housekeeping (TaskID, TaskDate, Status, RoomId) VALUES (356, '2023-12-16', 'Completed', 33);
INSERT INTO Housekeeping (TaskID, TaskDate, Status, RoomId) VALUES (357, '2024-11-13', 'In Progress', 354);
INSERT INTO Housekeeping (TaskID, TaskDate, Status, RoomId) VALUES (358, '2023-07-11', 'Pending', 333);
INSERT INTO Housekeeping (TaskID, TaskDate, Status, RoomId) VALUES (359, '2023-06-03', 'Completed', 290);
INSERT INTO Housekeeping (TaskID, TaskDate, Status, RoomId) VALUES (360, '2025-09-13', 'Completed', 400);
INSERT INTO Housekeeping (TaskID, TaskDate, Status, RoomId) VALUES (361, '2022-10-09', 'Pending', 290);
INSERT INTO Housekeeping (TaskID, TaskDate, Status, RoomId) VALUES (362, '2024-01-22', 'Pending', 326);
INSERT INTO Housekeeping (TaskID, TaskDate, Status, RoomId) VALUES (363, '2022-02-03', 'In Progress', 270);
INSERT INTO Housekeeping (TaskID, TaskDate, Status, RoomId) VALUES (364, '2022-08-22', 'In Progress', 139);
INSERT INTO Housekeeping (TaskID, TaskDate, Status, RoomId) VALUES (365, '2023-04-24', 'Pending', 400);
INSERT INTO Housekeeping (TaskID, TaskDate, Status, RoomId) VALUES (366, '2024-12-11', 'Pending', 366);
INSERT INTO Housekeeping (TaskID, TaskDate, Status, RoomId) VALUES (367, '2022-08-28', 'Pending', 117);
INSERT INTO Housekeeping (TaskID, TaskDate, Status, RoomId) VALUES (368, '2024-09-04', 'Pending', 48);
INSERT INTO Housekeeping (TaskID, TaskDate, Status, RoomId) VALUES (369, '2025-07-22', 'In Progress', 130);
INSERT INTO Housekeeping (TaskID, TaskDate, Status, RoomId) VALUES (370, '2025-11-09', 'Pending', 81);
INSERT INTO Housekeeping (TaskID, TaskDate, Status, RoomId) VALUES (371, '2022-04-10', 'Completed', 212);
INSERT INTO Housekeeping (TaskID, TaskDate, Status, RoomId) VALUES (372, '2023-08-15', 'Completed', 313);
INSERT INTO Housekeeping (TaskID, TaskDate, Status, RoomId) VALUES (373, '2022-09-26', 'Completed', 216);
INSERT INTO Housekeeping (TaskID, TaskDate, Status, RoomId) VALUES (374, '2024-09-28', 'Completed', 175);
INSERT INTO Housekeeping (TaskID, TaskDate, Status, RoomId) VALUES (375, '2025-03-21', 'Completed', 236);
INSERT INTO Housekeeping (TaskID, TaskDate, Status, RoomId) VALUES (376, '2022-04-18', 'Completed', 34);
INSERT INTO Housekeeping (TaskID, TaskDate, Status, RoomId) VALUES (377, '2022-05-14', 'In Progress', 248);
INSERT INTO Housekeeping (TaskID, TaskDate, Status, RoomId) VALUES (378, '2025-07-25', 'Pending', 230);
INSERT INTO Housekeeping (TaskID, TaskDate, Status, RoomId) VALUES (379, '2022-05-13', 'In Progress', 297);
INSERT INTO Housekeeping (TaskID, TaskDate, Status, RoomId) VALUES (380, '2024-01-25', 'Pending', 178);
INSERT INTO Housekeeping (TaskID, TaskDate, Status, RoomId) VALUES (381, '2024-02-22', 'Pending', 275);
INSERT INTO Housekeeping (TaskID, TaskDate, Status, RoomId) VALUES (382, '2023-03-01', 'Completed', 129);
INSERT INTO Housekeeping (TaskID, TaskDate, Status, RoomId) VALUES (383, '2025-02-01', 'Completed', 316);
INSERT INTO Housekeeping (TaskID, TaskDate, Status, RoomId) VALUES (384, '2023-09-30', 'Completed', 20);
INSERT INTO Housekeeping (TaskID, TaskDate, Status, RoomId) VALUES (385, '2025-03-02', 'Completed', 130);
INSERT INTO Housekeeping (TaskID, TaskDate, Status, RoomId) VALUES (386, '2024-04-26', 'In Progress', 270);
INSERT INTO Housekeeping (TaskID, TaskDate, Status, RoomId) VALUES (387, '2023-10-07', 'Completed', 17);
INSERT INTO Housekeeping (TaskID, TaskDate, Status, RoomId) VALUES (388, '2025-01-19', 'Completed', 328);
INSERT INTO Housekeeping (TaskID, TaskDate, Status, RoomId) VALUES (389, '2024-11-12', 'Completed', 375);
INSERT INTO Housekeeping (TaskID, TaskDate, Status, RoomId) VALUES (390, '2025-03-23', 'In Progress', 259);
INSERT INTO Housekeeping (TaskID, TaskDate, Status, RoomId) VALUES (391, '2024-01-31', 'Pending', 18);
INSERT INTO Housekeeping (TaskID, TaskDate, Status, RoomId) VALUES (392, '2024-10-18', 'Completed', 320);
INSERT INTO Housekeeping (TaskID, TaskDate, Status, RoomId) VALUES (393, '2025-12-16', 'Pending', 301);
INSERT INTO Housekeeping (TaskID, TaskDate, Status, RoomId) VALUES (394, '2024-12-18', 'Pending', 35);
INSERT INTO Housekeeping (TaskID, TaskDate, Status, RoomId) VALUES (395, '2022-04-12', 'Pending', 28);
INSERT INTO Housekeeping (TaskID, TaskDate, Status, RoomId) VALUES (396, '2024-07-01', 'Pending', 359);
INSERT INTO Housekeeping (TaskID, TaskDate, Status, RoomId) VALUES (397, '2023-09-15', 'In Progress', 91);
INSERT INTO Housekeeping (TaskID, TaskDate, Status, RoomId) VALUES (398, '2023-05-05', 'Completed', 98);
INSERT INTO Housekeeping (TaskID, TaskDate, Status, RoomId) VALUES (399, '2023-05-07', 'Pending', 116);
INSERT INTO Housekeeping (TaskID, TaskDate, Status, RoomId) VALUES (400, '2024-10-21', 'Pending', 350);
INSERT INTO MaintenanceRequest (RequestId, IssueDescription, RequestDate, Status, RoomId) VALUES (1, 'Broken TV in room', '2025-06-18', 'Completed', 353);
INSERT INTO MaintenanceRequest (RequestId, IssueDescription, RequestDate, Status, RoomId) VALUES (2, 'Leaky faucet in the bathroom', '2022-01-23', 'In Progress', 243);
INSERT INTO MaintenanceRequest (RequestId, IssueDescription, RequestDate, Status, RoomId) VALUES (3, 'Heating system malfunction', '2022-12-17', 'In Progress', 212);
INSERT INTO MaintenanceRequest (RequestId, IssueDescription, RequestDate, Status, RoomId) VALUES (4, 'Electricity outage in room', '2023-02-27', 'In Progress', 207);
INSERT INTO MaintenanceRequest (RequestId, IssueDescription, RequestDate, Status, RoomId) VALUES (5, 'Clogged drain in the kitchen', '2025-11-10', 'Completed', 130);
INSERT INTO MaintenanceRequest (RequestId, IssueDescription, RequestDate, Status, RoomId) VALUES (6, 'Pest control needed in room', '2025-11-05', 'In Progress', 291);
INSERT INTO MaintenanceRequest (RequestId, IssueDescription, RequestDate, Status, RoomId) VALUES (7, 'Heating system malfunction', '2024-04-26', 'In Progress', 77);
INSERT INTO MaintenanceRequest (RequestId, IssueDescription, RequestDate, Status, RoomId) VALUES (8, 'Air conditioning not working', '2024-10-01', 'In Progress', 234);
INSERT INTO MaintenanceRequest (RequestId, IssueDescription, RequestDate, Status, RoomId) VALUES (9, 'Damaged door lock in room', '2022-01-14', 'Completed', 94);
INSERT INTO MaintenanceRequest (RequestId, IssueDescription, RequestDate, Status, RoomId) VALUES (10, 'Heating system malfunction', '2025-12-24', 'Completed', 207);
INSERT INTO MaintenanceRequest (RequestId, IssueDescription, RequestDate, Status, RoomId) VALUES (11, 'Dirty carpets in hallway', '2025-10-25', 'Completed', 76);
INSERT INTO MaintenanceRequest (RequestId, IssueDescription, RequestDate, Status, RoomId) VALUES (12, 'Broken TV in room', '2022-07-05', 'Pending', 141);
INSERT INTO MaintenanceRequest (RequestId, IssueDescription, RequestDate, Status, RoomId) VALUES (13, 'Damaged door lock in room', '2025-10-10', 'In Progress', 342);
INSERT INTO MaintenanceRequest (RequestId, IssueDescription, RequestDate, Status, RoomId) VALUES (14, 'Pest control needed in room', '2022-03-31', 'In Progress', 157);
INSERT INTO MaintenanceRequest (RequestId, IssueDescription, RequestDate, Status, RoomId) VALUES (15, 'Dirty carpets in hallway', '2022-05-04', 'In Progress', 251);
INSERT INTO MaintenanceRequest (RequestId, IssueDescription, RequestDate, Status, RoomId) VALUES (16, 'Clogged drain in the kitchen', '2025-07-04', 'In Progress', 356);
INSERT INTO MaintenanceRequest (RequestId, IssueDescription, RequestDate, Status, RoomId) VALUES (17, 'Heating system malfunction', '2022-09-02', 'Pending', 206);
INSERT INTO MaintenanceRequest (RequestId, IssueDescription, RequestDate, Status, RoomId) VALUES (18, 'Broken window in room', '2024-04-21', 'Completed', 293);
INSERT INTO MaintenanceRequest (RequestId, IssueDescription, RequestDate, Status, RoomId) VALUES (19, 'Broken window in room', '2022-04-22', 'In Progress', 337);
INSERT INTO MaintenanceRequest (RequestId, IssueDescription, RequestDate, Status, RoomId) VALUES (20, 'Air conditioning not working', '2024-02-07', 'In Progress', 358);
INSERT INTO MaintenanceRequest (RequestId, IssueDescription, RequestDate, Status, RoomId) VALUES (21, 'Electricity outage in room', '2023-09-24', 'In Progress', 227);
INSERT INTO MaintenanceRequest (RequestId, IssueDescription, RequestDate, Status, RoomId) VALUES (22, 'Leaky faucet in the bathroom', '2022-11-23', 'In Progress', 363);
INSERT INTO MaintenanceRequest (RequestId, IssueDescription, RequestDate, Status, RoomId) VALUES (23, 'Dirty carpets in hallway', '2025-02-16', 'Completed', 314);
INSERT INTO MaintenanceRequest (RequestId, IssueDescription, RequestDate, Status, RoomId) VALUES (24, 'Pest control needed in room', '2025-07-08', 'In Progress', 116);
INSERT INTO MaintenanceRequest (RequestId, IssueDescription, RequestDate, Status, RoomId) VALUES (25, 'Clogged drain in the kitchen', '2022-12-10', 'Completed', 80);
INSERT INTO MaintenanceRequest (RequestId, IssueDescription, RequestDate, Status, RoomId) VALUES (26, 'Damaged door lock in room', '2024-08-22', 'In Progress', 348);
INSERT INTO MaintenanceRequest (RequestId, IssueDescription, RequestDate, Status, RoomId) VALUES (27, 'Dirty carpets in hallway', '2023-09-21', 'Completed', 311);
INSERT INTO MaintenanceRequest (RequestId, IssueDescription, RequestDate, Status, RoomId) VALUES (28, 'Air conditioning not working', '2023-05-15', 'Completed', 331);
INSERT INTO MaintenanceRequest (RequestId, IssueDescription, RequestDate, Status, RoomId) VALUES (29, 'Damaged door lock in room', '2024-12-11', 'Pending', 262);
INSERT INTO MaintenanceRequest (RequestId, IssueDescription, RequestDate, Status, RoomId) VALUES (30, 'Dirty carpets in hallway', '2022-09-11', 'Pending', 368);
INSERT INTO MaintenanceRequest (RequestId, IssueDescription, RequestDate, Status, RoomId) VALUES (31, 'Clogged drain in the kitchen', '2023-04-24', 'In Progress', 345);
INSERT INTO MaintenanceRequest (RequestId, IssueDescription, RequestDate, Status, RoomId) VALUES (32, 'Broken TV in room', '2025-11-24', 'In Progress', 349);
INSERT INTO MaintenanceRequest (RequestId, IssueDescription, RequestDate, Status, RoomId) VALUES (33, 'Pest control needed in room', '2023-01-19', 'Pending', 389);
INSERT INTO MaintenanceRequest (RequestId, IssueDescription, RequestDate, Status, RoomId) VALUES (34, 'Air conditioning not working', '2025-04-04', 'In Progress', 228);
INSERT INTO MaintenanceRequest (RequestId, IssueDescription, RequestDate, Status, RoomId) VALUES (35, 'Broken window in room', '2024-06-25', 'Completed', 322);
INSERT INTO MaintenanceRequest (RequestId, IssueDescription, RequestDate, Status, RoomId) VALUES (36, 'Broken TV in room', '2023-12-13', 'Completed', 397);
INSERT INTO MaintenanceRequest (RequestId, IssueDescription, RequestDate, Status, RoomId) VALUES (37, 'Heating system malfunction', '2022-02-01', 'Pending', 349);
INSERT INTO MaintenanceRequest (RequestId, IssueDescription, RequestDate, Status, RoomId) VALUES (38, 'Pest control needed in room', '2024-12-02', 'Completed', 281);
INSERT INTO MaintenanceRequest (RequestId, IssueDescription, RequestDate, Status, RoomId) VALUES (39, 'Electricity outage in room', '2022-10-06', 'Completed', 119);
INSERT INTO MaintenanceRequest (RequestId, IssueDescription, RequestDate, Status, RoomId) VALUES (40, 'Air conditioning not working', '2022-02-08', 'Completed', 283);
INSERT INTO MaintenanceRequest (RequestId, IssueDescription, RequestDate, Status, RoomId) VALUES (41, 'Electricity outage in room', '2025-10-15', 'Completed', 349);
INSERT INTO MaintenanceRequest (RequestId, IssueDescription, RequestDate, Status, RoomId) VALUES (42, 'Leaky faucet in the bathroom', '2023-05-06', 'Pending', 315);
INSERT INTO MaintenanceRequest (RequestId, IssueDescription, RequestDate, Status, RoomId) VALUES (43, 'Dirty carpets in hallway', '2022-05-10', 'In Progress', 182);
INSERT INTO MaintenanceRequest (RequestId, IssueDescription, RequestDate, Status, RoomId) VALUES (44, 'Broken window in room', '2024-10-08', 'In Progress', 279);
INSERT INTO MaintenanceRequest (RequestId, IssueDescription, RequestDate, Status, RoomId) VALUES (45, 'Broken TV in room', '2023-12-21', 'Pending', 159);
INSERT INTO MaintenanceRequest (RequestId, IssueDescription, RequestDate, Status, RoomId) VALUES (46, 'Leaky faucet in the bathroom', '2024-06-30', 'Completed', 311);
INSERT INTO MaintenanceRequest (RequestId, IssueDescription, RequestDate, Status, RoomId) VALUES (47, 'Heating system malfunction', '2023-04-16', 'In Progress', 78);
INSERT INTO MaintenanceRequest (RequestId, IssueDescription, RequestDate, Status, RoomId) VALUES (48, 'Heating system malfunction', '2025-03-28', 'Completed', 202);
INSERT INTO MaintenanceRequest (RequestId, IssueDescription, RequestDate, Status, RoomId) VALUES (49, 'Clogged drain in the kitchen', '2022-03-31', 'Completed', 93);
INSERT INTO MaintenanceRequest (RequestId, IssueDescription, RequestDate, Status, RoomId) VALUES (50, 'Clogged drain in the kitchen', '2024-11-22', 'Pending', 174);
INSERT INTO MaintenanceRequest (RequestId, IssueDescription, RequestDate, Status, RoomId) VALUES (51, 'Leaky faucet in the bathroom', '2025-01-18', 'In Progress', 331);
INSERT INTO MaintenanceRequest (RequestId, IssueDescription, RequestDate, Status, RoomId) VALUES (52, 'Leaky faucet in the bathroom', '2025-05-09', 'In Progress', 251);
INSERT INTO MaintenanceRequest (RequestId, IssueDescription, RequestDate, Status, RoomId) VALUES (53, 'Broken window in room', '2024-03-27', 'Completed', 106);
INSERT INTO MaintenanceRequest (RequestId, IssueDescription, RequestDate, Status, RoomId) VALUES (54, 'Electricity outage in room', '2025-10-07', 'Completed', 16);
INSERT INTO MaintenanceRequest (RequestId, IssueDescription, RequestDate, Status, RoomId) VALUES (55, 'Broken window in room', '2025-12-09', 'Completed', 72);
INSERT INTO MaintenanceRequest (RequestId, IssueDescription, RequestDate, Status, RoomId) VALUES (56, 'Air conditioning not working', '2024-06-30', 'In Progress', 362);
INSERT INTO MaintenanceRequest (RequestId, IssueDescription, RequestDate, Status, RoomId) VALUES (57, 'Electricity outage in room', '2022-06-09', 'Completed', 394);
INSERT INTO MaintenanceRequest (RequestId, IssueDescription, RequestDate, Status, RoomId) VALUES (58, 'Leaky faucet in the bathroom', '2022-05-08', 'Pending', 162);
INSERT INTO MaintenanceRequest (RequestId, IssueDescription, RequestDate, Status, RoomId) VALUES (59, 'Dirty carpets in hallway', '2024-05-02', 'Completed', 168);
INSERT INTO MaintenanceRequest (RequestId, IssueDescription, RequestDate, Status, RoomId) VALUES (60, 'Heating system malfunction', '2022-06-20', 'In Progress', 53);
INSERT INTO MaintenanceRequest (RequestId, IssueDescription, RequestDate, Status, RoomId) VALUES (61, 'Damaged door lock in room', '2023-09-14', 'In Progress', 87);
INSERT INTO MaintenanceRequest (RequestId, IssueDescription, RequestDate, Status, RoomId) VALUES (62, 'Electricity outage in room', '2024-07-06', 'Pending', 365);
INSERT INTO MaintenanceRequest (RequestId, IssueDescription, RequestDate, Status, RoomId) VALUES (63, 'Damaged door lock in room', '2022-01-06', 'Completed', 238);
INSERT INTO MaintenanceRequest (RequestId, IssueDescription, RequestDate, Status, RoomId) VALUES (64, 'Heating system malfunction', '2023-07-18', 'Completed', 125);
INSERT INTO MaintenanceRequest (RequestId, IssueDescription, RequestDate, Status, RoomId) VALUES (65, 'Pest control needed in room', '2022-02-05', 'In Progress', 277);
INSERT INTO MaintenanceRequest (RequestId, IssueDescription, RequestDate, Status, RoomId) VALUES (66, 'Broken window in room', '2022-12-05', 'Completed', 14);
INSERT INTO MaintenanceRequest (RequestId, IssueDescription, RequestDate, Status, RoomId) VALUES (67, 'Electricity outage in room', '2025-03-03', 'In Progress', 8);
INSERT INTO MaintenanceRequest (RequestId, IssueDescription, RequestDate, Status, RoomId) VALUES (68, 'Heating system malfunction', '2025-04-30', 'Pending', 266);
INSERT INTO MaintenanceRequest (RequestId, IssueDescription, RequestDate, Status, RoomId) VALUES (69, 'Heating system malfunction', '2022-04-02', 'In Progress', 53);
INSERT INTO MaintenanceRequest (RequestId, IssueDescription, RequestDate, Status, RoomId) VALUES (70, 'Broken window in room', '2022-02-12', 'Pending', 85);
INSERT INTO MaintenanceRequest (RequestId, IssueDescription, RequestDate, Status, RoomId) VALUES (71, 'Clogged drain in the kitchen', '2023-01-21', 'Pending', 300);
INSERT INTO MaintenanceRequest (RequestId, IssueDescription, RequestDate, Status, RoomId) VALUES (72, 'Damaged door lock in room', '2024-02-24', 'In Progress', 1);
INSERT INTO MaintenanceRequest (RequestId, IssueDescription, RequestDate, Status, RoomId) VALUES (73, 'Damaged door lock in room', '2025-08-06', 'Completed', 254);
INSERT INTO MaintenanceRequest (RequestId, IssueDescription, RequestDate, Status, RoomId) VALUES (74, 'Heating system malfunction', '2023-04-18', 'In Progress', 1);
INSERT INTO MaintenanceRequest (RequestId, IssueDescription, RequestDate, Status, RoomId) VALUES (75, 'Broken TV in room', '2023-12-18', 'In Progress', 7);
INSERT INTO MaintenanceRequest (RequestId, IssueDescription, RequestDate, Status, RoomId) VALUES (76, 'Broken TV in room', '2022-11-01', 'Completed', 78);
INSERT INTO MaintenanceRequest (RequestId, IssueDescription, RequestDate, Status, RoomId) VALUES (77, 'Leaky faucet in the bathroom', '2022-03-07', 'Pending', 11);
INSERT INTO MaintenanceRequest (RequestId, IssueDescription, RequestDate, Status, RoomId) VALUES (78, 'Clogged drain in the kitchen', '2024-03-27', 'Pending', 11);
INSERT INTO MaintenanceRequest (RequestId, IssueDescription, RequestDate, Status, RoomId) VALUES (79, 'Electricity outage in room', '2022-10-22', 'In Progress', 189);
INSERT INTO MaintenanceRequest (RequestId, IssueDescription, RequestDate, Status, RoomId) VALUES (80, 'Pest control needed in room', '2022-05-08', 'Completed', 311);
INSERT INTO MaintenanceRequest (RequestId, IssueDescription, RequestDate, Status, RoomId) VALUES (81, 'Broken window in room', '2025-01-16', 'In Progress', 271);
INSERT INTO MaintenanceRequest (RequestId, IssueDescription, RequestDate, Status, RoomId) VALUES (82, 'Electricity outage in room', '2025-01-14', 'Completed', 304);
INSERT INTO MaintenanceRequest (RequestId, IssueDescription, RequestDate, Status, RoomId) VALUES (83, 'Damaged door lock in room', '2025-10-04', 'Pending', 177);
INSERT INTO MaintenanceRequest (RequestId, IssueDescription, RequestDate, Status, RoomId) VALUES (84, 'Electricity outage in room', '2024-05-16', 'Completed', 191);
INSERT INTO MaintenanceRequest (RequestId, IssueDescription, RequestDate, Status, RoomId) VALUES (85, 'Leaky faucet in the bathroom', '2025-07-21', 'Pending', 160);
INSERT INTO MaintenanceRequest (RequestId, IssueDescription, RequestDate, Status, RoomId) VALUES (86, 'Dirty carpets in hallway', '2023-10-14', 'Completed', 276);
INSERT INTO MaintenanceRequest (RequestId, IssueDescription, RequestDate, Status, RoomId) VALUES (87, 'Dirty carpets in hallway', '2025-02-21', 'Completed', 237);
INSERT INTO MaintenanceRequest (RequestId, IssueDescription, RequestDate, Status, RoomId) VALUES (88, 'Pest control needed in room', '2022-11-25', 'Completed', 216);
INSERT INTO MaintenanceRequest (RequestId, IssueDescription, RequestDate, Status, RoomId) VALUES (89, 'Pest control needed in room', '2025-01-21', 'In Progress', 249);
INSERT INTO MaintenanceRequest (RequestId, IssueDescription, RequestDate, Status, RoomId) VALUES (90, 'Dirty carpets in hallway', '2023-06-24', 'Pending', 399);
INSERT INTO MaintenanceRequest (RequestId, IssueDescription, RequestDate, Status, RoomId) VALUES (91, 'Damaged door lock in room', '2025-05-12', 'In Progress', 124);
INSERT INTO MaintenanceRequest (RequestId, IssueDescription, RequestDate, Status, RoomId) VALUES (92, 'Damaged door lock in room', '2024-05-27', 'In Progress', 73);
INSERT INTO MaintenanceRequest (RequestId, IssueDescription, RequestDate, Status, RoomId) VALUES (93, 'Broken window in room', '2025-06-04', 'Completed', 159);
INSERT INTO MaintenanceRequest (RequestId, IssueDescription, RequestDate, Status, RoomId) VALUES (94, 'Heating system malfunction', '2024-03-30', 'Pending', 321);
INSERT INTO MaintenanceRequest (RequestId, IssueDescription, RequestDate, Status, RoomId) VALUES (95, 'Air conditioning not working', '2024-06-26', 'In Progress', 110);
INSERT INTO MaintenanceRequest (RequestId, IssueDescription, RequestDate, Status, RoomId) VALUES (96, 'Electricity outage in room', '2024-04-02', 'Completed', 181);
INSERT INTO MaintenanceRequest (RequestId, IssueDescription, RequestDate, Status, RoomId) VALUES (97, 'Air conditioning not working', '2024-01-12', 'Completed', 76);
INSERT INTO MaintenanceRequest (RequestId, IssueDescription, RequestDate, Status, RoomId) VALUES (98, 'Damaged door lock in room', '2024-07-14', 'In Progress', 100);
INSERT INTO MaintenanceRequest (RequestId, IssueDescription, RequestDate, Status, RoomId) VALUES (99, 'Electricity outage in room', '2025-06-25', 'Completed', 376);
INSERT INTO MaintenanceRequest (RequestId, IssueDescription, RequestDate, Status, RoomId) VALUES (100, 'Damaged door lock in room', '2025-04-10', 'Pending', 375);
INSERT INTO MaintenanceRequest (RequestId, IssueDescription, RequestDate, Status, RoomId) VALUES (101, 'Damaged door lock in room', '2022-08-12', 'Completed', 388);
INSERT INTO MaintenanceRequest (RequestId, IssueDescription, RequestDate, Status, RoomId) VALUES (102, 'Air conditioning not working', '2023-11-21', 'Pending', 333);
INSERT INTO MaintenanceRequest (RequestId, IssueDescription, RequestDate, Status, RoomId) VALUES (103, 'Clogged drain in the kitchen', '2023-07-20', 'Completed', 206);
INSERT INTO MaintenanceRequest (RequestId, IssueDescription, RequestDate, Status, RoomId) VALUES (104, 'Clogged drain in the kitchen', '2024-01-07', 'Pending', 324);
INSERT INTO MaintenanceRequest (RequestId, IssueDescription, RequestDate, Status, RoomId) VALUES (105, 'Leaky faucet in the bathroom', '2025-12-11', 'Pending', 182);
INSERT INTO MaintenanceRequest (RequestId, IssueDescription, RequestDate, Status, RoomId) VALUES (106, 'Broken TV in room', '2024-05-22', 'Completed', 290);
INSERT INTO MaintenanceRequest (RequestId, IssueDescription, RequestDate, Status, RoomId) VALUES (107, 'Heating system malfunction', '2022-03-27', 'Pending', 171);
INSERT INTO MaintenanceRequest (RequestId, IssueDescription, RequestDate, Status, RoomId) VALUES (108, 'Electricity outage in room', '2023-01-27', 'Pending', 209);
INSERT INTO MaintenanceRequest (RequestId, IssueDescription, RequestDate, Status, RoomId) VALUES (109, 'Electricity outage in room', '2022-02-08', 'Completed', 62);
INSERT INTO MaintenanceRequest (RequestId, IssueDescription, RequestDate, Status, RoomId) VALUES (110, 'Broken TV in room', '2025-11-23', 'In Progress', 144);
INSERT INTO MaintenanceRequest (RequestId, IssueDescription, RequestDate, Status, RoomId) VALUES (111, 'Heating system malfunction', '2023-01-29', 'Completed', 169);
INSERT INTO MaintenanceRequest (RequestId, IssueDescription, RequestDate, Status, RoomId) VALUES (112, 'Damaged door lock in room', '2024-04-21', 'In Progress', 390);
INSERT INTO MaintenanceRequest (RequestId, IssueDescription, RequestDate, Status, RoomId) VALUES (113, 'Broken window in room', '2024-03-07', 'Completed', 163);
INSERT INTO MaintenanceRequest (RequestId, IssueDescription, RequestDate, Status, RoomId) VALUES (114, 'Clogged drain in the kitchen', '2022-08-12', 'Completed', 249);
INSERT INTO MaintenanceRequest (RequestId, IssueDescription, RequestDate, Status, RoomId) VALUES (115, 'Dirty carpets in hallway', '2024-10-02', 'In Progress', 99);
INSERT INTO MaintenanceRequest (RequestId, IssueDescription, RequestDate, Status, RoomId) VALUES (116, 'Clogged drain in the kitchen', '2022-12-22', 'In Progress', 180);
INSERT INTO MaintenanceRequest (RequestId, IssueDescription, RequestDate, Status, RoomId) VALUES (117, 'Clogged drain in the kitchen', '2023-06-02', 'Pending', 212);
INSERT INTO MaintenanceRequest (RequestId, IssueDescription, RequestDate, Status, RoomId) VALUES (118, 'Broken window in room', '2022-09-26', 'In Progress', 59);
INSERT INTO MaintenanceRequest (RequestId, IssueDescription, RequestDate, Status, RoomId) VALUES (119, 'Heating system malfunction', '2024-08-07', 'Completed', 383);
INSERT INTO MaintenanceRequest (RequestId, IssueDescription, RequestDate, Status, RoomId) VALUES (120, 'Pest control needed in room', '2025-08-16', 'Completed', 279);
INSERT INTO MaintenanceRequest (RequestId, IssueDescription, RequestDate, Status, RoomId) VALUES (121, 'Clogged drain in the kitchen', '2025-06-03', 'Pending', 278);
INSERT INTO MaintenanceRequest (RequestId, IssueDescription, RequestDate, Status, RoomId) VALUES (122, 'Damaged door lock in room', '2022-07-19', 'Pending', 192);
INSERT INTO MaintenanceRequest (RequestId, IssueDescription, RequestDate, Status, RoomId) VALUES (123, 'Clogged drain in the kitchen', '2023-04-15', 'Pending', 145);
INSERT INTO MaintenanceRequest (RequestId, IssueDescription, RequestDate, Status, RoomId) VALUES (124, 'Heating system malfunction', '2023-07-21', 'In Progress', 181);
INSERT INTO MaintenanceRequest (RequestId, IssueDescription, RequestDate, Status, RoomId) VALUES (125, 'Damaged door lock in room', '2025-07-25', 'Pending', 89);
INSERT INTO MaintenanceRequest (RequestId, IssueDescription, RequestDate, Status, RoomId) VALUES (126, 'Broken TV in room', '2022-07-08', 'Pending', 399);
INSERT INTO MaintenanceRequest (RequestId, IssueDescription, RequestDate, Status, RoomId) VALUES (127, 'Leaky faucet in the bathroom', '2025-08-09', 'Completed', 359);
INSERT INTO MaintenanceRequest (RequestId, IssueDescription, RequestDate, Status, RoomId) VALUES (128, 'Broken window in room', '2025-12-16', 'Completed', 190);
INSERT INTO MaintenanceRequest (RequestId, IssueDescription, RequestDate, Status, RoomId) VALUES (129, 'Leaky faucet in the bathroom', '2025-09-28', 'Completed', 285);
INSERT INTO MaintenanceRequest (RequestId, IssueDescription, RequestDate, Status, RoomId) VALUES (130, 'Damaged door lock in room', '2023-09-17', 'Pending', 314);
INSERT INTO MaintenanceRequest (RequestId, IssueDescription, RequestDate, Status, RoomId) VALUES (131, 'Electricity outage in room', '2022-04-10', 'In Progress', 279);
INSERT INTO MaintenanceRequest (RequestId, IssueDescription, RequestDate, Status, RoomId) VALUES (132, 'Heating system malfunction', '2023-03-27', 'In Progress', 346);
INSERT INTO MaintenanceRequest (RequestId, IssueDescription, RequestDate, Status, RoomId) VALUES (133, 'Pest control needed in room', '2022-03-07', 'Completed', 3);
INSERT INTO MaintenanceRequest (RequestId, IssueDescription, RequestDate, Status, RoomId) VALUES (134, 'Damaged door lock in room', '2024-11-03', 'Completed', 160);
INSERT INTO MaintenanceRequest (RequestId, IssueDescription, RequestDate, Status, RoomId) VALUES (135, 'Broken TV in room', '2023-03-26', 'Completed', 255);
INSERT INTO MaintenanceRequest (RequestId, IssueDescription, RequestDate, Status, RoomId) VALUES (136, 'Air conditioning not working', '2025-10-05', 'Completed', 365);
INSERT INTO MaintenanceRequest (RequestId, IssueDescription, RequestDate, Status, RoomId) VALUES (137, 'Broken TV in room', '2025-11-12', 'Pending', 25);
INSERT INTO MaintenanceRequest (RequestId, IssueDescription, RequestDate, Status, RoomId) VALUES (138, 'Damaged door lock in room', '2023-01-12', 'Completed', 222);
INSERT INTO MaintenanceRequest (RequestId, IssueDescription, RequestDate, Status, RoomId) VALUES (139, 'Clogged drain in the kitchen', '2022-03-29', 'In Progress', 165);
INSERT INTO MaintenanceRequest (RequestId, IssueDescription, RequestDate, Status, RoomId) VALUES (140, 'Broken TV in room', '2023-06-10', 'Pending', 46);
INSERT INTO MaintenanceRequest (RequestId, IssueDescription, RequestDate, Status, RoomId) VALUES (141, 'Clogged drain in the kitchen', '2022-12-21', 'In Progress', 58);
INSERT INTO MaintenanceRequest (RequestId, IssueDescription, RequestDate, Status, RoomId) VALUES (142, 'Damaged door lock in room', '2022-01-25', 'In Progress', 277);
INSERT INTO MaintenanceRequest (RequestId, IssueDescription, RequestDate, Status, RoomId) VALUES (143, 'Air conditioning not working', '2024-01-17', 'In Progress', 240);
INSERT INTO MaintenanceRequest (RequestId, IssueDescription, RequestDate, Status, RoomId) VALUES (144, 'Damaged door lock in room', '2025-03-28', 'Completed', 182);
INSERT INTO MaintenanceRequest (RequestId, IssueDescription, RequestDate, Status, RoomId) VALUES (145, 'Broken window in room', '2024-02-18', 'Completed', 252);
INSERT INTO MaintenanceRequest (RequestId, IssueDescription, RequestDate, Status, RoomId) VALUES (146, 'Clogged drain in the kitchen', '2025-11-07', 'Pending', 368);
INSERT INTO MaintenanceRequest (RequestId, IssueDescription, RequestDate, Status, RoomId) VALUES (147, 'Electricity outage in room', '2025-03-06', 'Pending', 152);
INSERT INTO MaintenanceRequest (RequestId, IssueDescription, RequestDate, Status, RoomId) VALUES (148, 'Heating system malfunction', '2025-07-28', 'Completed', 89);
INSERT INTO MaintenanceRequest (RequestId, IssueDescription, RequestDate, Status, RoomId) VALUES (149, 'Leaky faucet in the bathroom', '2024-08-24', 'Pending', 45);
INSERT INTO MaintenanceRequest (RequestId, IssueDescription, RequestDate, Status, RoomId) VALUES (150, 'Damaged door lock in room', '2024-06-15', 'Pending', 266);
INSERT INTO MaintenanceRequest (RequestId, IssueDescription, RequestDate, Status, RoomId) VALUES (151, 'Broken TV in room', '2023-04-18', 'In Progress', 47);
INSERT INTO MaintenanceRequest (RequestId, IssueDescription, RequestDate, Status, RoomId) VALUES (152, 'Broken window in room', '2024-05-29', 'Completed', 30);
INSERT INTO MaintenanceRequest (RequestId, IssueDescription, RequestDate, Status, RoomId) VALUES (153, 'Heating system malfunction', '2022-09-01', 'Pending', 169);
INSERT INTO MaintenanceRequest (RequestId, IssueDescription, RequestDate, Status, RoomId) VALUES (154, 'Air conditioning not working', '2022-02-28', 'In Progress', 126);
INSERT INTO MaintenanceRequest (RequestId, IssueDescription, RequestDate, Status, RoomId) VALUES (155, 'Clogged drain in the kitchen', '2024-02-04', 'Pending', 258);
INSERT INTO MaintenanceRequest (RequestId, IssueDescription, RequestDate, Status, RoomId) VALUES (156, 'Electricity outage in room', '2024-05-18', 'Completed', 134);
INSERT INTO MaintenanceRequest (RequestId, IssueDescription, RequestDate, Status, RoomId) VALUES (157, 'Air conditioning not working', '2022-03-20', 'In Progress', 337);
INSERT INTO MaintenanceRequest (RequestId, IssueDescription, RequestDate, Status, RoomId) VALUES (158, 'Clogged drain in the kitchen', '2024-04-05', 'In Progress', 95);
INSERT INTO MaintenanceRequest (RequestId, IssueDescription, RequestDate, Status, RoomId) VALUES (159, 'Heating system malfunction', '2022-04-23', 'In Progress', 370);
INSERT INTO MaintenanceRequest (RequestId, IssueDescription, RequestDate, Status, RoomId) VALUES (160, 'Air conditioning not working', '2024-04-03', 'Completed', 219);
INSERT INTO MaintenanceRequest (RequestId, IssueDescription, RequestDate, Status, RoomId) VALUES (161, 'Clogged drain in the kitchen', '2024-04-28', 'Pending', 375);
INSERT INTO MaintenanceRequest (RequestId, IssueDescription, RequestDate, Status, RoomId) VALUES (162, 'Air conditioning not working', '2024-03-22', 'In Progress', 198);
INSERT INTO MaintenanceRequest (RequestId, IssueDescription, RequestDate, Status, RoomId) VALUES (163, 'Heating system malfunction', '2023-12-02', 'Completed', 131);
INSERT INTO MaintenanceRequest (RequestId, IssueDescription, RequestDate, Status, RoomId) VALUES (164, 'Damaged door lock in room', '2022-08-06', 'Completed', 400);
INSERT INTO MaintenanceRequest (RequestId, IssueDescription, RequestDate, Status, RoomId) VALUES (165, 'Dirty carpets in hallway', '2025-12-11', 'Completed', 362);
INSERT INTO MaintenanceRequest (RequestId, IssueDescription, RequestDate, Status, RoomId) VALUES (166, 'Heating system malfunction', '2024-01-10', 'Completed', 329);
INSERT INTO MaintenanceRequest (RequestId, IssueDescription, RequestDate, Status, RoomId) VALUES (167, 'Clogged drain in the kitchen', '2024-12-04', 'Pending', 356);
INSERT INTO MaintenanceRequest (RequestId, IssueDescription, RequestDate, Status, RoomId) VALUES (168, 'Pest control needed in room', '2024-04-15', 'In Progress', 394);
INSERT INTO MaintenanceRequest (RequestId, IssueDescription, RequestDate, Status, RoomId) VALUES (169, 'Damaged door lock in room', '2025-06-26', 'In Progress', 6);
INSERT INTO MaintenanceRequest (RequestId, IssueDescription, RequestDate, Status, RoomId) VALUES (170, 'Damaged door lock in room', '2025-04-21', 'In Progress', 100);
INSERT INTO MaintenanceRequest (RequestId, IssueDescription, RequestDate, Status, RoomId) VALUES (171, 'Clogged drain in the kitchen', '2025-07-02', 'Pending', 371);
INSERT INTO MaintenanceRequest (RequestId, IssueDescription, RequestDate, Status, RoomId) VALUES (172, 'Leaky faucet in the bathroom', '2025-09-22', 'Pending', 195);
INSERT INTO MaintenanceRequest (RequestId, IssueDescription, RequestDate, Status, RoomId) VALUES (173, 'Dirty carpets in hallway', '2023-04-09', 'In Progress', 223);
INSERT INTO MaintenanceRequest (RequestId, IssueDescription, RequestDate, Status, RoomId) VALUES (174, 'Leaky faucet in the bathroom', '2022-02-06', 'Completed', 154);
INSERT INTO MaintenanceRequest (RequestId, IssueDescription, RequestDate, Status, RoomId) VALUES (175, 'Electricity outage in room', '2022-04-05', 'In Progress', 103);
INSERT INTO MaintenanceRequest (RequestId, IssueDescription, RequestDate, Status, RoomId) VALUES (176, 'Heating system malfunction', '2024-08-01', 'Completed', 78);
INSERT INTO MaintenanceRequest (RequestId, IssueDescription, RequestDate, Status, RoomId) VALUES (177, 'Broken TV in room', '2025-05-04', 'Completed', 237);
INSERT INTO MaintenanceRequest (RequestId, IssueDescription, RequestDate, Status, RoomId) VALUES (178, 'Pest control needed in room', '2025-05-27', 'In Progress', 214);
INSERT INTO MaintenanceRequest (RequestId, IssueDescription, RequestDate, Status, RoomId) VALUES (179, 'Air conditioning not working', '2023-06-14', 'Completed', 117);
INSERT INTO MaintenanceRequest (RequestId, IssueDescription, RequestDate, Status, RoomId) VALUES (180, 'Broken TV in room', '2025-08-19', 'Pending', 270);
INSERT INTO MaintenanceRequest (RequestId, IssueDescription, RequestDate, Status, RoomId) VALUES (181, 'Broken TV in room', '2024-04-02', 'Pending', 267);
INSERT INTO MaintenanceRequest (RequestId, IssueDescription, RequestDate, Status, RoomId) VALUES (182, 'Air conditioning not working', '2022-09-08', 'Pending', 82);
INSERT INTO MaintenanceRequest (RequestId, IssueDescription, RequestDate, Status, RoomId) VALUES (183, 'Damaged door lock in room', '2024-11-19', 'Pending', 149);
INSERT INTO MaintenanceRequest (RequestId, IssueDescription, RequestDate, Status, RoomId) VALUES (184, 'Damaged door lock in room', '2023-08-24', 'In Progress', 90);
INSERT INTO MaintenanceRequest (RequestId, IssueDescription, RequestDate, Status, RoomId) VALUES (185, 'Broken window in room', '2025-08-25', 'Pending', 391);
INSERT INTO MaintenanceRequest (RequestId, IssueDescription, RequestDate, Status, RoomId) VALUES (186, 'Damaged door lock in room', '2025-08-21', 'Completed', 288);
INSERT INTO MaintenanceRequest (RequestId, IssueDescription, RequestDate, Status, RoomId) VALUES (187, 'Pest control needed in room', '2022-04-06', 'In Progress', 206);
INSERT INTO MaintenanceRequest (RequestId, IssueDescription, RequestDate, Status, RoomId) VALUES (188, 'Dirty carpets in hallway', '2023-09-25', 'Completed', 283);
INSERT INTO MaintenanceRequest (RequestId, IssueDescription, RequestDate, Status, RoomId) VALUES (189, 'Damaged door lock in room', '2024-03-19', 'In Progress', 137);
INSERT INTO MaintenanceRequest (RequestId, IssueDescription, RequestDate, Status, RoomId) VALUES (190, 'Dirty carpets in hallway', '2023-09-28', 'Completed', 359);
INSERT INTO MaintenanceRequest (RequestId, IssueDescription, RequestDate, Status, RoomId) VALUES (191, 'Pest control needed in room', '2024-09-27', 'Completed', 136);
INSERT INTO MaintenanceRequest (RequestId, IssueDescription, RequestDate, Status, RoomId) VALUES (192, 'Clogged drain in the kitchen', '2023-06-08', 'In Progress', 330);
INSERT INTO MaintenanceRequest (RequestId, IssueDescription, RequestDate, Status, RoomId) VALUES (193, 'Broken window in room', '2025-07-26', 'In Progress', 191);
INSERT INTO MaintenanceRequest (RequestId, IssueDescription, RequestDate, Status, RoomId) VALUES (194, 'Damaged door lock in room', '2022-08-31', 'Pending', 298);
INSERT INTO MaintenanceRequest (RequestId, IssueDescription, RequestDate, Status, RoomId) VALUES (195, 'Broken TV in room', '2022-01-01', 'Completed', 161);
INSERT INTO MaintenanceRequest (RequestId, IssueDescription, RequestDate, Status, RoomId) VALUES (196, 'Dirty carpets in hallway', '2022-11-17', 'Completed', 395);
INSERT INTO MaintenanceRequest (RequestId, IssueDescription, RequestDate, Status, RoomId) VALUES (197, 'Air conditioning not working', '2024-10-31', 'In Progress', 136);
INSERT INTO MaintenanceRequest (RequestId, IssueDescription, RequestDate, Status, RoomId) VALUES (198, 'Pest control needed in room', '2022-05-27', 'Pending', 248);
INSERT INTO MaintenanceRequest (RequestId, IssueDescription, RequestDate, Status, RoomId) VALUES (199, 'Broken TV in room', '2023-01-16', 'Completed', 242);
INSERT INTO MaintenanceRequest (RequestId, IssueDescription, RequestDate, Status, RoomId) VALUES (200, 'Dirty carpets in hallway', '2023-08-07', 'In Progress', 280);
INSERT INTO MaintenanceRequest (RequestId, IssueDescription, RequestDate, Status, RoomId) VALUES (201, 'Leaky faucet in the bathroom', '2023-11-15', 'Completed', 125);
INSERT INTO MaintenanceRequest (RequestId, IssueDescription, RequestDate, Status, RoomId) VALUES (202, 'Broken TV in room', '2024-08-28', 'Completed', 350);
INSERT INTO MaintenanceRequest (RequestId, IssueDescription, RequestDate, Status, RoomId) VALUES (203, 'Air conditioning not working', '2024-06-27', 'In Progress', 93);
INSERT INTO MaintenanceRequest (RequestId, IssueDescription, RequestDate, Status, RoomId) VALUES (204, 'Damaged door lock in room', '2023-10-12', 'Completed', 334);
INSERT INTO MaintenanceRequest (RequestId, IssueDescription, RequestDate, Status, RoomId) VALUES (205, 'Air conditioning not working', '2024-05-11', 'In Progress', 328);
INSERT INTO MaintenanceRequest (RequestId, IssueDescription, RequestDate, Status, RoomId) VALUES (206, 'Clogged drain in the kitchen', '2023-12-17', 'Pending', 264);
INSERT INTO MaintenanceRequest (RequestId, IssueDescription, RequestDate, Status, RoomId) VALUES (207, 'Broken window in room', '2023-07-12', 'Pending', 6);
INSERT INTO MaintenanceRequest (RequestId, IssueDescription, RequestDate, Status, RoomId) VALUES (208, 'Heating system malfunction', '2025-12-30', 'Pending', 246);
INSERT INTO MaintenanceRequest (RequestId, IssueDescription, RequestDate, Status, RoomId) VALUES (209, 'Dirty carpets in hallway', '2025-03-06', 'Completed', 186);
INSERT INTO MaintenanceRequest (RequestId, IssueDescription, RequestDate, Status, RoomId) VALUES (210, 'Damaged door lock in room', '2022-09-20', 'Completed', 219);
INSERT INTO MaintenanceRequest (RequestId, IssueDescription, RequestDate, Status, RoomId) VALUES (211, 'Broken window in room', '2025-05-07', 'Completed', 273);
INSERT INTO MaintenanceRequest (RequestId, IssueDescription, RequestDate, Status, RoomId) VALUES (212, 'Damaged door lock in room', '2024-09-19', 'Completed', 326);
INSERT INTO MaintenanceRequest (RequestId, IssueDescription, RequestDate, Status, RoomId) VALUES (213, 'Dirty carpets in hallway', '2024-05-30', 'Completed', 343);
INSERT INTO MaintenanceRequest (RequestId, IssueDescription, RequestDate, Status, RoomId) VALUES (214, 'Leaky faucet in the bathroom', '2025-05-01', 'In Progress', 350);
INSERT INTO MaintenanceRequest (RequestId, IssueDescription, RequestDate, Status, RoomId) VALUES (215, 'Clogged drain in the kitchen', '2025-09-08', 'Completed', 130);
INSERT INTO MaintenanceRequest (RequestId, IssueDescription, RequestDate, Status, RoomId) VALUES (216, 'Pest control needed in room', '2022-03-16', 'In Progress', 151);
INSERT INTO MaintenanceRequest (RequestId, IssueDescription, RequestDate, Status, RoomId) VALUES (217, 'Damaged door lock in room', '2022-10-20', 'Completed', 39);
INSERT INTO MaintenanceRequest (RequestId, IssueDescription, RequestDate, Status, RoomId) VALUES (218, 'Electricity outage in room', '2024-10-15', 'Pending', 45);
INSERT INTO MaintenanceRequest (RequestId, IssueDescription, RequestDate, Status, RoomId) VALUES (219, 'Damaged door lock in room', '2024-11-12', 'In Progress', 390);
INSERT INTO MaintenanceRequest (RequestId, IssueDescription, RequestDate, Status, RoomId) VALUES (220, 'Leaky faucet in the bathroom', '2025-08-09', 'In Progress', 373);
INSERT INTO MaintenanceRequest (RequestId, IssueDescription, RequestDate, Status, RoomId) VALUES (221, 'Electricity outage in room', '2022-10-27', 'In Progress', 192);
INSERT INTO MaintenanceRequest (RequestId, IssueDescription, RequestDate, Status, RoomId) VALUES (222, 'Broken TV in room', '2025-03-24', 'In Progress', 368);
INSERT INTO MaintenanceRequest (RequestId, IssueDescription, RequestDate, Status, RoomId) VALUES (223, 'Dirty carpets in hallway', '2025-07-19', 'Pending', 33);
INSERT INTO MaintenanceRequest (RequestId, IssueDescription, RequestDate, Status, RoomId) VALUES (224, 'Clogged drain in the kitchen', '2023-03-03', 'In Progress', 91);
INSERT INTO MaintenanceRequest (RequestId, IssueDescription, RequestDate, Status, RoomId) VALUES (225, 'Electricity outage in room', '2022-11-22', 'Pending', 231);
INSERT INTO MaintenanceRequest (RequestId, IssueDescription, RequestDate, Status, RoomId) VALUES (226, 'Electricity outage in room', '2025-03-24', 'Pending', 143);
INSERT INTO MaintenanceRequest (RequestId, IssueDescription, RequestDate, Status, RoomId) VALUES (227, 'Air conditioning not working', '2022-09-13', 'In Progress', 48);
INSERT INTO MaintenanceRequest (RequestId, IssueDescription, RequestDate, Status, RoomId) VALUES (228, 'Pest control needed in room', '2025-01-04', 'In Progress', 26);
INSERT INTO MaintenanceRequest (RequestId, IssueDescription, RequestDate, Status, RoomId) VALUES (229, 'Broken TV in room', '2023-07-03', 'Completed', 244);
INSERT INTO MaintenanceRequest (RequestId, IssueDescription, RequestDate, Status, RoomId) VALUES (230, 'Leaky faucet in the bathroom', '2023-10-23', 'Completed', 359);
INSERT INTO MaintenanceRequest (RequestId, IssueDescription, RequestDate, Status, RoomId) VALUES (231, 'Pest control needed in room', '2025-08-13', 'Pending', 36);
INSERT INTO MaintenanceRequest (RequestId, IssueDescription, RequestDate, Status, RoomId) VALUES (232, 'Electricity outage in room', '2023-09-09', 'Completed', 60);
INSERT INTO MaintenanceRequest (RequestId, IssueDescription, RequestDate, Status, RoomId) VALUES (233, 'Electricity outage in room', '2023-01-22', 'Completed', 137);
INSERT INTO MaintenanceRequest (RequestId, IssueDescription, RequestDate, Status, RoomId) VALUES (234, 'Damaged door lock in room', '2023-06-09', 'Completed', 62);
INSERT INTO MaintenanceRequest (RequestId, IssueDescription, RequestDate, Status, RoomId) VALUES (235, 'Clogged drain in the kitchen', '2024-01-06', 'In Progress', 386);
INSERT INTO MaintenanceRequest (RequestId, IssueDescription, RequestDate, Status, RoomId) VALUES (236, 'Air conditioning not working', '2024-06-18', 'Completed', 109);
INSERT INTO MaintenanceRequest (RequestId, IssueDescription, RequestDate, Status, RoomId) VALUES (237, 'Heating system malfunction', '2023-11-20', 'Completed', 1);
INSERT INTO MaintenanceRequest (RequestId, IssueDescription, RequestDate, Status, RoomId) VALUES (238, 'Clogged drain in the kitchen', '2022-05-18', 'Pending', 53);
INSERT INTO MaintenanceRequest (RequestId, IssueDescription, RequestDate, Status, RoomId) VALUES (239, 'Leaky faucet in the bathroom', '2023-10-12', 'Completed', 155);
INSERT INTO MaintenanceRequest (RequestId, IssueDescription, RequestDate, Status, RoomId) VALUES (240, 'Broken TV in room', '2022-11-04', 'Pending', 2);
INSERT INTO MaintenanceRequest (RequestId, IssueDescription, RequestDate, Status, RoomId) VALUES (241, 'Broken window in room', '2023-10-16', 'Pending', 383);
INSERT INTO MaintenanceRequest (RequestId, IssueDescription, RequestDate, Status, RoomId) VALUES (242, 'Clogged drain in the kitchen', '2023-10-17', 'In Progress', 177);
INSERT INTO MaintenanceRequest (RequestId, IssueDescription, RequestDate, Status, RoomId) VALUES (243, 'Dirty carpets in hallway', '2023-12-04', 'In Progress', 379);
INSERT INTO MaintenanceRequest (RequestId, IssueDescription, RequestDate, Status, RoomId) VALUES (244, 'Broken window in room', '2025-10-26', 'Pending', 181);
INSERT INTO MaintenanceRequest (RequestId, IssueDescription, RequestDate, Status, RoomId) VALUES (245, 'Clogged drain in the kitchen', '2024-12-17', 'Pending', 75);
INSERT INTO MaintenanceRequest (RequestId, IssueDescription, RequestDate, Status, RoomId) VALUES (246, 'Heating system malfunction', '2025-08-11', 'In Progress', 292);
INSERT INTO MaintenanceRequest (RequestId, IssueDescription, RequestDate, Status, RoomId) VALUES (247, 'Clogged drain in the kitchen', '2024-12-03', 'Completed', 320);
INSERT INTO MaintenanceRequest (RequestId, IssueDescription, RequestDate, Status, RoomId) VALUES (248, 'Leaky faucet in the bathroom', '2023-11-28', 'Pending', 305);
INSERT INTO MaintenanceRequest (RequestId, IssueDescription, RequestDate, Status, RoomId) VALUES (249, 'Air conditioning not working', '2022-11-09', 'Completed', 191);
INSERT INTO MaintenanceRequest (RequestId, IssueDescription, RequestDate, Status, RoomId) VALUES (250, 'Broken TV in room', '2023-04-08', 'Completed', 97);
INSERT INTO MaintenanceRequest (RequestId, IssueDescription, RequestDate, Status, RoomId) VALUES (251, 'Broken TV in room', '2023-07-17', 'Completed', 295);
INSERT INTO MaintenanceRequest (RequestId, IssueDescription, RequestDate, Status, RoomId) VALUES (252, 'Damaged door lock in room', '2023-06-10', 'In Progress', 327);
INSERT INTO MaintenanceRequest (RequestId, IssueDescription, RequestDate, Status, RoomId) VALUES (253, 'Broken TV in room', '2025-04-13', 'In Progress', 341);
INSERT INTO MaintenanceRequest (RequestId, IssueDescription, RequestDate, Status, RoomId) VALUES (254, 'Damaged door lock in room', '2024-07-20', 'Completed', 244);
INSERT INTO MaintenanceRequest (RequestId, IssueDescription, RequestDate, Status, RoomId) VALUES (255, 'Broken window in room', '2023-02-05', 'Pending', 51);
INSERT INTO MaintenanceRequest (RequestId, IssueDescription, RequestDate, Status, RoomId) VALUES (256, 'Clogged drain in the kitchen', '2023-04-16', 'In Progress', 82);
INSERT INTO MaintenanceRequest (RequestId, IssueDescription, RequestDate, Status, RoomId) VALUES (257, 'Damaged door lock in room', '2025-09-14', 'Completed', 293);
INSERT INTO MaintenanceRequest (RequestId, IssueDescription, RequestDate, Status, RoomId) VALUES (258, 'Damaged door lock in room', '2022-09-08', 'Completed', 155);
INSERT INTO MaintenanceRequest (RequestId, IssueDescription, RequestDate, Status, RoomId) VALUES (259, 'Pest control needed in room', '2022-07-20', 'Completed', 26);
INSERT INTO MaintenanceRequest (RequestId, IssueDescription, RequestDate, Status, RoomId) VALUES (260, 'Clogged drain in the kitchen', '2022-07-08', 'In Progress', 368);
INSERT INTO MaintenanceRequest (RequestId, IssueDescription, RequestDate, Status, RoomId) VALUES (261, 'Electricity outage in room', '2024-02-29', 'Pending', 341);
INSERT INTO MaintenanceRequest (RequestId, IssueDescription, RequestDate, Status, RoomId) VALUES (262, 'Dirty carpets in hallway', '2023-10-13', 'Completed', 103);
INSERT INTO MaintenanceRequest (RequestId, IssueDescription, RequestDate, Status, RoomId) VALUES (263, 'Clogged drain in the kitchen', '2025-11-21', 'Completed', 261);
INSERT INTO MaintenanceRequest (RequestId, IssueDescription, RequestDate, Status, RoomId) VALUES (264, 'Damaged door lock in room', '2022-01-27', 'In Progress', 226);
INSERT INTO MaintenanceRequest (RequestId, IssueDescription, RequestDate, Status, RoomId) VALUES (265, 'Damaged door lock in room', '2024-11-17', 'In Progress', 49);
INSERT INTO MaintenanceRequest (RequestId, IssueDescription, RequestDate, Status, RoomId) VALUES (266, 'Heating system malfunction', '2025-11-28', 'Pending', 167);
INSERT INTO MaintenanceRequest (RequestId, IssueDescription, RequestDate, Status, RoomId) VALUES (267, 'Pest control needed in room', '2023-02-14', 'In Progress', 314);
INSERT INTO MaintenanceRequest (RequestId, IssueDescription, RequestDate, Status, RoomId) VALUES (268, 'Air conditioning not working', '2022-02-20', 'Pending', 161);
INSERT INTO MaintenanceRequest (RequestId, IssueDescription, RequestDate, Status, RoomId) VALUES (269, 'Broken TV in room', '2022-11-13', 'Completed', 226);
INSERT INTO MaintenanceRequest (RequestId, IssueDescription, RequestDate, Status, RoomId) VALUES (270, 'Damaged door lock in room', '2024-01-14', 'In Progress', 298);
INSERT INTO MaintenanceRequest (RequestId, IssueDescription, RequestDate, Status, RoomId) VALUES (271, 'Damaged door lock in room', '2022-03-30', 'In Progress', 32);
INSERT INTO MaintenanceRequest (RequestId, IssueDescription, RequestDate, Status, RoomId) VALUES (272, 'Electricity outage in room', '2022-02-20', 'In Progress', 26);
INSERT INTO MaintenanceRequest (RequestId, IssueDescription, RequestDate, Status, RoomId) VALUES (273, 'Air conditioning not working', '2023-06-24', 'Pending', 86);
INSERT INTO MaintenanceRequest (RequestId, IssueDescription, RequestDate, Status, RoomId) VALUES (274, 'Broken window in room', '2024-05-10', 'In Progress', 176);
INSERT INTO MaintenanceRequest (RequestId, IssueDescription, RequestDate, Status, RoomId) VALUES (275, 'Broken TV in room', '2022-04-25', 'Pending', 27);
INSERT INTO MaintenanceRequest (RequestId, IssueDescription, RequestDate, Status, RoomId) VALUES (276, 'Clogged drain in the kitchen', '2022-01-23', 'Completed', 154);
INSERT INTO MaintenanceRequest (RequestId, IssueDescription, RequestDate, Status, RoomId) VALUES (277, 'Leaky faucet in the bathroom', '2023-11-02', 'In Progress', 6);
INSERT INTO MaintenanceRequest (RequestId, IssueDescription, RequestDate, Status, RoomId) VALUES (278, 'Dirty carpets in hallway', '2025-05-16', 'Pending', 115);
INSERT INTO MaintenanceRequest (RequestId, IssueDescription, RequestDate, Status, RoomId) VALUES (279, 'Electricity outage in room', '2022-05-09', 'Pending', 158);
INSERT INTO MaintenanceRequest (RequestId, IssueDescription, RequestDate, Status, RoomId) VALUES (280, 'Broken TV in room', '2024-06-24', 'In Progress', 84);
INSERT INTO MaintenanceRequest (RequestId, IssueDescription, RequestDate, Status, RoomId) VALUES (281, 'Damaged door lock in room', '2022-08-29', 'Pending', 160);
INSERT INTO MaintenanceRequest (RequestId, IssueDescription, RequestDate, Status, RoomId) VALUES (282, 'Dirty carpets in hallway', '2025-11-16', 'In Progress', 359);
INSERT INTO MaintenanceRequest (RequestId, IssueDescription, RequestDate, Status, RoomId) VALUES (283, 'Dirty carpets in hallway', '2024-01-15', 'Completed', 380);
INSERT INTO MaintenanceRequest (RequestId, IssueDescription, RequestDate, Status, RoomId) VALUES (284, 'Pest control needed in room', '2023-12-16', 'Pending', 33);
INSERT INTO MaintenanceRequest (RequestId, IssueDescription, RequestDate, Status, RoomId) VALUES (285, 'Electricity outage in room', '2022-07-13', 'Completed', 375);
INSERT INTO MaintenanceRequest (RequestId, IssueDescription, RequestDate, Status, RoomId) VALUES (286, 'Leaky faucet in the bathroom', '2025-03-25', 'Pending', 12);
INSERT INTO MaintenanceRequest (RequestId, IssueDescription, RequestDate, Status, RoomId) VALUES (287, 'Pest control needed in room', '2024-03-09', 'Pending', 12);
INSERT INTO MaintenanceRequest (RequestId, IssueDescription, RequestDate, Status, RoomId) VALUES (288, 'Pest control needed in room', '2022-08-10', 'In Progress', 77);
INSERT INTO MaintenanceRequest (RequestId, IssueDescription, RequestDate, Status, RoomId) VALUES (289, 'Leaky faucet in the bathroom', '2025-10-11', 'Pending', 138);
INSERT INTO MaintenanceRequest (RequestId, IssueDescription, RequestDate, Status, RoomId) VALUES (290, 'Electricity outage in room', '2024-03-19', 'Completed', 27);
INSERT INTO MaintenanceRequest (RequestId, IssueDescription, RequestDate, Status, RoomId) VALUES (291, 'Damaged door lock in room', '2025-02-01', 'Completed', 149);
INSERT INTO MaintenanceRequest (RequestId, IssueDescription, RequestDate, Status, RoomId) VALUES (292, 'Leaky faucet in the bathroom', '2025-08-01', 'In Progress', 68);
INSERT INTO MaintenanceRequest (RequestId, IssueDescription, RequestDate, Status, RoomId) VALUES (293, 'Leaky faucet in the bathroom', '2024-12-30', 'Pending', 304);
INSERT INTO MaintenanceRequest (RequestId, IssueDescription, RequestDate, Status, RoomId) VALUES (294, 'Damaged door lock in room', '2023-07-08', 'Completed', 398);
INSERT INTO MaintenanceRequest (RequestId, IssueDescription, RequestDate, Status, RoomId) VALUES (295, 'Leaky faucet in the bathroom', '2025-05-28', 'Completed', 321);
INSERT INTO MaintenanceRequest (RequestId, IssueDescription, RequestDate, Status, RoomId) VALUES (296, 'Broken TV in room', '2025-05-28', 'In Progress', 358);
INSERT INTO MaintenanceRequest (RequestId, IssueDescription, RequestDate, Status, RoomId) VALUES (297, 'Heating system malfunction', '2025-07-14', 'Pending', 183);
INSERT INTO MaintenanceRequest (RequestId, IssueDescription, RequestDate, Status, RoomId) VALUES (298, 'Broken window in room', '2025-12-14', 'Pending', 225);
INSERT INTO MaintenanceRequest (RequestId, IssueDescription, RequestDate, Status, RoomId) VALUES (299, 'Leaky faucet in the bathroom', '2024-09-04', 'In Progress', 332);
INSERT INTO MaintenanceRequest (RequestId, IssueDescription, RequestDate, Status, RoomId) VALUES (300, 'Clogged drain in the kitchen', '2023-06-26', 'Pending', 13);
INSERT INTO MaintenanceRequest (RequestId, IssueDescription, RequestDate, Status, RoomId) VALUES (301, 'Dirty carpets in hallway', '2023-03-03', 'In Progress', 341);
INSERT INTO MaintenanceRequest (RequestId, IssueDescription, RequestDate, Status, RoomId) VALUES (302, 'Air conditioning not working', '2024-08-09', 'Pending', 125);
INSERT INTO MaintenanceRequest (RequestId, IssueDescription, RequestDate, Status, RoomId) VALUES (303, 'Clogged drain in the kitchen', '2023-08-22', 'In Progress', 107);
INSERT INTO MaintenanceRequest (RequestId, IssueDescription, RequestDate, Status, RoomId) VALUES (304, 'Heating system malfunction', '2022-11-12', 'In Progress', 90);
INSERT INTO MaintenanceRequest (RequestId, IssueDescription, RequestDate, Status, RoomId) VALUES (305, 'Dirty carpets in hallway', '2025-01-25', 'Completed', 109);
INSERT INTO MaintenanceRequest (RequestId, IssueDescription, RequestDate, Status, RoomId) VALUES (306, 'Broken window in room', '2023-12-27', 'In Progress', 201);
INSERT INTO MaintenanceRequest (RequestId, IssueDescription, RequestDate, Status, RoomId) VALUES (307, 'Electricity outage in room', '2023-04-01', 'Completed', 22);
INSERT INTO MaintenanceRequest (RequestId, IssueDescription, RequestDate, Status, RoomId) VALUES (308, 'Dirty carpets in hallway', '2023-03-20', 'Pending', 21);
INSERT INTO MaintenanceRequest (RequestId, IssueDescription, RequestDate, Status, RoomId) VALUES (309, 'Leaky faucet in the bathroom', '2022-11-16', 'Pending', 104);
INSERT INTO MaintenanceRequest (RequestId, IssueDescription, RequestDate, Status, RoomId) VALUES (310, 'Electricity outage in room', '2025-12-03', 'Pending', 317);
INSERT INTO MaintenanceRequest (RequestId, IssueDescription, RequestDate, Status, RoomId) VALUES (311, 'Air conditioning not working', '2022-02-17', 'In Progress', 4);
INSERT INTO MaintenanceRequest (RequestId, IssueDescription, RequestDate, Status, RoomId) VALUES (312, 'Pest control needed in room', '2024-10-13', 'In Progress', 234);
INSERT INTO MaintenanceRequest (RequestId, IssueDescription, RequestDate, Status, RoomId) VALUES (313, 'Broken TV in room', '2024-01-05', 'In Progress', 226);
INSERT INTO MaintenanceRequest (RequestId, IssueDescription, RequestDate, Status, RoomId) VALUES (314, 'Heating system malfunction', '2024-09-19', 'Pending', 199);
INSERT INTO MaintenanceRequest (RequestId, IssueDescription, RequestDate, Status, RoomId) VALUES (315, 'Leaky faucet in the bathroom', '2023-06-06', 'In Progress', 222);
INSERT INTO MaintenanceRequest (RequestId, IssueDescription, RequestDate, Status, RoomId) VALUES (316, 'Leaky faucet in the bathroom', '2024-08-04', 'Pending', 215);
INSERT INTO MaintenanceRequest (RequestId, IssueDescription, RequestDate, Status, RoomId) VALUES (317, 'Broken TV in room', '2025-04-25', 'Completed', 70);
INSERT INTO MaintenanceRequest (RequestId, IssueDescription, RequestDate, Status, RoomId) VALUES (318, 'Pest control needed in room', '2022-04-03', 'In Progress', 247);
INSERT INTO MaintenanceRequest (RequestId, IssueDescription, RequestDate, Status, RoomId) VALUES (319, 'Damaged door lock in room', '2023-11-26', 'Completed', 235);
INSERT INTO MaintenanceRequest (RequestId, IssueDescription, RequestDate, Status, RoomId) VALUES (320, 'Electricity outage in room', '2025-02-01', 'Completed', 22);
INSERT INTO MaintenanceRequest (RequestId, IssueDescription, RequestDate, Status, RoomId) VALUES (321, 'Air conditioning not working', '2024-05-10', 'Pending', 107);
INSERT INTO MaintenanceRequest (RequestId, IssueDescription, RequestDate, Status, RoomId) VALUES (322, 'Heating system malfunction', '2024-06-09', 'In Progress', 315);
INSERT INTO MaintenanceRequest (RequestId, IssueDescription, RequestDate, Status, RoomId) VALUES (323, 'Dirty carpets in hallway', '2024-05-08', 'Completed', 357);
INSERT INTO MaintenanceRequest (RequestId, IssueDescription, RequestDate, Status, RoomId) VALUES (324, 'Broken window in room', '2022-04-17', 'In Progress', 124);
INSERT INTO MaintenanceRequest (RequestId, IssueDescription, RequestDate, Status, RoomId) VALUES (325, 'Electricity outage in room', '2024-12-31', 'In Progress', 81);
INSERT INTO MaintenanceRequest (RequestId, IssueDescription, RequestDate, Status, RoomId) VALUES (326, 'Air conditioning not working', '2025-04-07', 'Pending', 285);
INSERT INTO MaintenanceRequest (RequestId, IssueDescription, RequestDate, Status, RoomId) VALUES (327, 'Damaged door lock in room', '2024-04-26', 'Pending', 365);
INSERT INTO MaintenanceRequest (RequestId, IssueDescription, RequestDate, Status, RoomId) VALUES (328, 'Electricity outage in room', '2025-04-02', 'Pending', 361);
INSERT INTO MaintenanceRequest (RequestId, IssueDescription, RequestDate, Status, RoomId) VALUES (329, 'Damaged door lock in room', '2024-01-03', 'Pending', 322);
INSERT INTO MaintenanceRequest (RequestId, IssueDescription, RequestDate, Status, RoomId) VALUES (330, 'Clogged drain in the kitchen', '2023-02-16', 'In Progress', 142);
INSERT INTO MaintenanceRequest (RequestId, IssueDescription, RequestDate, Status, RoomId) VALUES (331, 'Broken TV in room', '2025-05-30', 'Pending', 209);
INSERT INTO MaintenanceRequest (RequestId, IssueDescription, RequestDate, Status, RoomId) VALUES (332, 'Clogged drain in the kitchen', '2025-08-19', 'Completed', 98);
INSERT INTO MaintenanceRequest (RequestId, IssueDescription, RequestDate, Status, RoomId) VALUES (333, 'Leaky faucet in the bathroom', '2025-06-29', 'Pending', 321);
INSERT INTO MaintenanceRequest (RequestId, IssueDescription, RequestDate, Status, RoomId) VALUES (334, 'Broken window in room', '2023-04-07', 'Completed', 376);
INSERT INTO MaintenanceRequest (RequestId, IssueDescription, RequestDate, Status, RoomId) VALUES (335, 'Broken window in room', '2023-06-20', 'Pending', 10);
INSERT INTO MaintenanceRequest (RequestId, IssueDescription, RequestDate, Status, RoomId) VALUES (336, 'Damaged door lock in room', '2023-09-07', 'In Progress', 1);
INSERT INTO MaintenanceRequest (RequestId, IssueDescription, RequestDate, Status, RoomId) VALUES (337, 'Dirty carpets in hallway', '2024-01-28', 'Completed', 311);
INSERT INTO MaintenanceRequest (RequestId, IssueDescription, RequestDate, Status, RoomId) VALUES (338, 'Heating system malfunction', '2023-10-12', 'Pending', 79);
INSERT INTO MaintenanceRequest (RequestId, IssueDescription, RequestDate, Status, RoomId) VALUES (339, 'Broken TV in room', '2024-09-29', 'Completed', 37);
INSERT INTO MaintenanceRequest (RequestId, IssueDescription, RequestDate, Status, RoomId) VALUES (340, 'Broken TV in room', '2025-04-22', 'Completed', 130);
INSERT INTO MaintenanceRequest (RequestId, IssueDescription, RequestDate, Status, RoomId) VALUES (341, 'Heating system malfunction', '2022-12-18', 'In Progress', 185);
INSERT INTO MaintenanceRequest (RequestId, IssueDescription, RequestDate, Status, RoomId) VALUES (342, 'Clogged drain in the kitchen', '2024-11-13', 'Completed', 390);
INSERT INTO MaintenanceRequest (RequestId, IssueDescription, RequestDate, Status, RoomId) VALUES (343, 'Leaky faucet in the bathroom', '2023-05-12', 'Completed', 350);
INSERT INTO MaintenanceRequest (RequestId, IssueDescription, RequestDate, Status, RoomId) VALUES (344, 'Heating system malfunction', '2024-07-14', 'Pending', 390);
INSERT INTO MaintenanceRequest (RequestId, IssueDescription, RequestDate, Status, RoomId) VALUES (345, 'Heating system malfunction', '2022-03-23', 'Pending', 384);
INSERT INTO MaintenanceRequest (RequestId, IssueDescription, RequestDate, Status, RoomId) VALUES (346, 'Pest control needed in room', '2023-07-17', 'In Progress', 298);
INSERT INTO MaintenanceRequest (RequestId, IssueDescription, RequestDate, Status, RoomId) VALUES (347, 'Leaky faucet in the bathroom', '2025-03-09', 'In Progress', 307);
INSERT INTO MaintenanceRequest (RequestId, IssueDescription, RequestDate, Status, RoomId) VALUES (348, 'Air conditioning not working', '2022-02-17', 'Completed', 247);
INSERT INTO MaintenanceRequest (RequestId, IssueDescription, RequestDate, Status, RoomId) VALUES (349, 'Dirty carpets in hallway', '2022-05-02', 'Completed', 161);
INSERT INTO MaintenanceRequest (RequestId, IssueDescription, RequestDate, Status, RoomId) VALUES (350, 'Pest control needed in room', '2024-11-28', 'Completed', 115);
INSERT INTO MaintenanceRequest (RequestId, IssueDescription, RequestDate, Status, RoomId) VALUES (351, 'Clogged drain in the kitchen', '2022-03-29', 'Pending', 227);
INSERT INTO MaintenanceRequest (RequestId, IssueDescription, RequestDate, Status, RoomId) VALUES (352, 'Pest control needed in room', '2023-05-01', 'Completed', 393);
INSERT INTO MaintenanceRequest (RequestId, IssueDescription, RequestDate, Status, RoomId) VALUES (353, 'Electricity outage in room', '2023-05-15', 'Pending', 53);
INSERT INTO MaintenanceRequest (RequestId, IssueDescription, RequestDate, Status, RoomId) VALUES (354, 'Leaky faucet in the bathroom', '2023-08-04', 'Pending', 337);
INSERT INTO MaintenanceRequest (RequestId, IssueDescription, RequestDate, Status, RoomId) VALUES (355, 'Air conditioning not working', '2022-11-27', 'In Progress', 262);
INSERT INTO MaintenanceRequest (RequestId, IssueDescription, RequestDate, Status, RoomId) VALUES (356, 'Heating system malfunction', '2023-01-15', 'Completed', 37);
INSERT INTO MaintenanceRequest (RequestId, IssueDescription, RequestDate, Status, RoomId) VALUES (357, 'Electricity outage in room', '2022-11-02', 'Pending', 80);
INSERT INTO MaintenanceRequest (RequestId, IssueDescription, RequestDate, Status, RoomId) VALUES (358, 'Broken TV in room', '2022-12-15', 'Completed', 343);
INSERT INTO MaintenanceRequest (RequestId, IssueDescription, RequestDate, Status, RoomId) VALUES (359, 'Pest control needed in room', '2023-11-04', 'Completed', 119);
INSERT INTO MaintenanceRequest (RequestId, IssueDescription, RequestDate, Status, RoomId) VALUES (360, 'Broken window in room', '2023-12-05', 'Pending', 45);
INSERT INTO MaintenanceRequest (RequestId, IssueDescription, RequestDate, Status, RoomId) VALUES (361, 'Damaged door lock in room', '2023-07-05', 'Completed', 361);
INSERT INTO MaintenanceRequest (RequestId, IssueDescription, RequestDate, Status, RoomId) VALUES (362, 'Electricity outage in room', '2022-06-24', 'Pending', 131);
INSERT INTO MaintenanceRequest (RequestId, IssueDescription, RequestDate, Status, RoomId) VALUES (363, 'Broken TV in room', '2024-01-08', 'Completed', 230);
INSERT INTO MaintenanceRequest (RequestId, IssueDescription, RequestDate, Status, RoomId) VALUES (364, 'Air conditioning not working', '2023-02-22', 'Completed', 256);
INSERT INTO MaintenanceRequest (RequestId, IssueDescription, RequestDate, Status, RoomId) VALUES (365, 'Air conditioning not working', '2023-09-20', 'Completed', 126);
INSERT INTO MaintenanceRequest (RequestId, IssueDescription, RequestDate, Status, RoomId) VALUES (366, 'Heating system malfunction', '2022-07-06', 'Pending', 62);
INSERT INTO MaintenanceRequest (RequestId, IssueDescription, RequestDate, Status, RoomId) VALUES (367, 'Leaky faucet in the bathroom', '2025-08-27', 'Pending', 384);
INSERT INTO MaintenanceRequest (RequestId, IssueDescription, RequestDate, Status, RoomId) VALUES (368, 'Pest control needed in room', '2023-07-29', 'Completed', 152);
INSERT INTO MaintenanceRequest (RequestId, IssueDescription, RequestDate, Status, RoomId) VALUES (369, 'Broken TV in room', '2022-12-09', 'In Progress', 370);
INSERT INTO MaintenanceRequest (RequestId, IssueDescription, RequestDate, Status, RoomId) VALUES (370, 'Damaged door lock in room', '2022-01-20', 'Completed', 15);
INSERT INTO MaintenanceRequest (RequestId, IssueDescription, RequestDate, Status, RoomId) VALUES (371, 'Heating system malfunction', '2022-10-31', 'Pending', 294);
INSERT INTO MaintenanceRequest (RequestId, IssueDescription, RequestDate, Status, RoomId) VALUES (372, 'Pest control needed in room', '2024-10-01', 'Completed', 32);
INSERT INTO MaintenanceRequest (RequestId, IssueDescription, RequestDate, Status, RoomId) VALUES (373, 'Clogged drain in the kitchen', '2023-04-08', 'Pending', 72);
INSERT INTO MaintenanceRequest (RequestId, IssueDescription, RequestDate, Status, RoomId) VALUES (374, 'Dirty carpets in hallway', '2023-11-25', 'In Progress', 113);
INSERT INTO MaintenanceRequest (RequestId, IssueDescription, RequestDate, Status, RoomId) VALUES (375, 'Leaky faucet in the bathroom', '2023-02-16', 'Pending', 100);
INSERT INTO MaintenanceRequest (RequestId, IssueDescription, RequestDate, Status, RoomId) VALUES (376, 'Electricity outage in room', '2024-10-16', 'Pending', 255);
INSERT INTO MaintenanceRequest (RequestId, IssueDescription, RequestDate, Status, RoomId) VALUES (377, 'Broken window in room', '2025-02-20', 'Completed', 202);
INSERT INTO MaintenanceRequest (RequestId, IssueDescription, RequestDate, Status, RoomId) VALUES (378, 'Leaky faucet in the bathroom', '2025-12-31', 'In Progress', 27);
INSERT INTO MaintenanceRequest (RequestId, IssueDescription, RequestDate, Status, RoomId) VALUES (379, 'Leaky faucet in the bathroom', '2022-07-18', 'In Progress', 202);
INSERT INTO MaintenanceRequest (RequestId, IssueDescription, RequestDate, Status, RoomId) VALUES (380, 'Broken window in room', '2023-09-22', 'Pending', 16);
INSERT INTO MaintenanceRequest (RequestId, IssueDescription, RequestDate, Status, RoomId) VALUES (381, 'Broken TV in room', '2022-10-23', 'Pending', 112);
INSERT INTO MaintenanceRequest (RequestId, IssueDescription, RequestDate, Status, RoomId) VALUES (382, 'Clogged drain in the kitchen', '2023-02-26', 'Completed', 97);
INSERT INTO MaintenanceRequest (RequestId, IssueDescription, RequestDate, Status, RoomId) VALUES (383, 'Electricity outage in room', '2023-04-23', 'Completed', 148);
INSERT INTO MaintenanceRequest (RequestId, IssueDescription, RequestDate, Status, RoomId) VALUES (384, 'Broken TV in room', '2024-01-04', 'In Progress', 35);
INSERT INTO MaintenanceRequest (RequestId, IssueDescription, RequestDate, Status, RoomId) VALUES (385, 'Broken window in room', '2024-03-27', 'Pending', 298);
INSERT INTO MaintenanceRequest (RequestId, IssueDescription, RequestDate, Status, RoomId) VALUES (386, 'Air conditioning not working', '2023-06-03', 'Completed', 376);
INSERT INTO MaintenanceRequest (RequestId, IssueDescription, RequestDate, Status, RoomId) VALUES (387, 'Air conditioning not working', '2025-10-30', 'Pending', 74);
INSERT INTO MaintenanceRequest (RequestId, IssueDescription, RequestDate, Status, RoomId) VALUES (388, 'Air conditioning not working', '2022-02-16', 'In Progress', 372);
INSERT INTO MaintenanceRequest (RequestId, IssueDescription, RequestDate, Status, RoomId) VALUES (389, 'Leaky faucet in the bathroom', '2024-10-21', 'In Progress', 364);
INSERT INTO MaintenanceRequest (RequestId, IssueDescription, RequestDate, Status, RoomId) VALUES (390, 'Damaged door lock in room', '2024-08-07', 'Pending', 6);
INSERT INTO MaintenanceRequest (RequestId, IssueDescription, RequestDate, Status, RoomId) VALUES (391, 'Electricity outage in room', '2025-07-30', 'Pending', 131);
INSERT INTO MaintenanceRequest (RequestId, IssueDescription, RequestDate, Status, RoomId) VALUES (392, 'Dirty carpets in hallway', '2022-10-21', 'Completed', 44);
INSERT INTO MaintenanceRequest (RequestId, IssueDescription, RequestDate, Status, RoomId) VALUES (393, 'Dirty carpets in hallway', '2022-01-25', 'Pending', 372);
INSERT INTO MaintenanceRequest (RequestId, IssueDescription, RequestDate, Status, RoomId) VALUES (394, 'Pest control needed in room', '2025-06-14', 'In Progress', 70);
INSERT INTO MaintenanceRequest (RequestId, IssueDescription, RequestDate, Status, RoomId) VALUES (395, 'Broken TV in room', '2024-02-12', 'In Progress', 215);
INSERT INTO MaintenanceRequest (RequestId, IssueDescription, RequestDate, Status, RoomId) VALUES (396, 'Air conditioning not working', '2024-06-25', 'In Progress', 225);
INSERT INTO MaintenanceRequest (RequestId, IssueDescription, RequestDate, Status, RoomId) VALUES (397, 'Broken window in room', '2022-02-05', 'Completed', 211);
INSERT INTO MaintenanceRequest (RequestId, IssueDescription, RequestDate, Status, RoomId) VALUES (398, 'Leaky faucet in the bathroom', '2024-06-20', 'Completed', 190);
INSERT INTO MaintenanceRequest (RequestId, IssueDescription, RequestDate, Status, RoomId) VALUES (399, 'Broken window in room', '2023-07-11', 'In Progress', 12);
INSERT INTO MaintenanceRequest (RequestId, IssueDescription, RequestDate, Status, RoomId) VALUES (400, 'Electricity outage in room', '2025-01-23', 'Completed', 258);
INSERT INTO AssignKeepingStaff (TaskID, StaffId) VALUES (1, 2);
INSERT INTO AssignKeepingStaff (TaskID, StaffId) VALUES (2, 366);
INSERT INTO AssignKeepingStaff (TaskID, StaffId) VALUES (3, 17);
INSERT INTO AssignKeepingStaff (TaskID, StaffId) VALUES (4, 251);
INSERT INTO AssignKeepingStaff (TaskID, StaffId) VALUES (5, 253);
INSERT INTO AssignKeepingStaff (TaskID, StaffId) VALUES (6, 363);
INSERT INTO AssignKeepingStaff (TaskID, StaffId) VALUES (7, 65);
INSERT INTO AssignKeepingStaff (TaskID, StaffId) VALUES (8, 192);
INSERT INTO AssignKeepingStaff (TaskID, StaffId) VALUES (9, 357);
INSERT INTO AssignKeepingStaff (TaskID, StaffId) VALUES (10, 127);
INSERT INTO AssignKeepingStaff (TaskID, StaffId) VALUES (11, 74);
INSERT INTO AssignKeepingStaff (TaskID, StaffId) VALUES (12, 399);
INSERT INTO AssignKeepingStaff (TaskID, StaffId) VALUES (13, 106);
INSERT INTO AssignKeepingStaff (TaskID, StaffId) VALUES (14, 171);
INSERT INTO AssignKeepingStaff (TaskID, StaffId) VALUES (15, 318);
INSERT INTO AssignKeepingStaff (TaskID, StaffId) VALUES (16, 54);
INSERT INTO AssignKeepingStaff (TaskID, StaffId) VALUES (17, 319);
INSERT INTO AssignKeepingStaff (TaskID, StaffId) VALUES (18, 345);
INSERT INTO AssignKeepingStaff (TaskID, StaffId) VALUES (19, 363);
INSERT INTO AssignKeepingStaff (TaskID, StaffId) VALUES (20, 206);
INSERT INTO AssignKeepingStaff (TaskID, StaffId) VALUES (21, 134);
INSERT INTO AssignKeepingStaff (TaskID, StaffId) VALUES (22, 115);
INSERT INTO AssignKeepingStaff (TaskID, StaffId) VALUES (23, 343);
INSERT INTO AssignKeepingStaff (TaskID, StaffId) VALUES (24, 134);
INSERT INTO AssignKeepingStaff (TaskID, StaffId) VALUES (25, 251);
INSERT INTO AssignKeepingStaff (TaskID, StaffId) VALUES (26, 49);
INSERT INTO AssignKeepingStaff (TaskID, StaffId) VALUES (27, 18);
INSERT INTO AssignKeepingStaff (TaskID, StaffId) VALUES (28, 42);
INSERT INTO AssignKeepingStaff (TaskID, StaffId) VALUES (29, 113);
INSERT INTO AssignKeepingStaff (TaskID, StaffId) VALUES (30, 137);
INSERT INTO AssignKeepingStaff (TaskID, StaffId) VALUES (31, 31);
INSERT INTO AssignKeepingStaff (TaskID, StaffId) VALUES (32, 163);
INSERT INTO AssignKeepingStaff (TaskID, StaffId) VALUES (33, 301);
INSERT INTO AssignKeepingStaff (TaskID, StaffId) VALUES (34, 185);
INSERT INTO AssignKeepingStaff (TaskID, StaffId) VALUES (35, 20);
INSERT INTO AssignKeepingStaff (TaskID, StaffId) VALUES (36, 268);
INSERT INTO AssignKeepingStaff (TaskID, StaffId) VALUES (37, 387);
INSERT INTO AssignKeepingStaff (TaskID, StaffId) VALUES (38, 188);
INSERT INTO AssignKeepingStaff (TaskID, StaffId) VALUES (39, 255);
INSERT INTO AssignKeepingStaff (TaskID, StaffId) VALUES (40, 44);
INSERT INTO AssignKeepingStaff (TaskID, StaffId) VALUES (41, 227);
INSERT INTO AssignKeepingStaff (TaskID, StaffId) VALUES (42, 237);
INSERT INTO AssignKeepingStaff (TaskID, StaffId) VALUES (43, 389);
INSERT INTO AssignKeepingStaff (TaskID, StaffId) VALUES (44, 336);
INSERT INTO AssignKeepingStaff (TaskID, StaffId) VALUES (45, 208);
INSERT INTO AssignKeepingStaff (TaskID, StaffId) VALUES (46, 163);
INSERT INTO AssignKeepingStaff (TaskID, StaffId) VALUES (47, 280);
INSERT INTO AssignKeepingStaff (TaskID, StaffId) VALUES (48, 295);
INSERT INTO AssignKeepingStaff (TaskID, StaffId) VALUES (49, 256);
INSERT INTO AssignKeepingStaff (TaskID, StaffId) VALUES (50, 387);
INSERT INTO AssignKeepingStaff (TaskID, StaffId) VALUES (51, 162);
INSERT INTO AssignKeepingStaff (TaskID, StaffId) VALUES (52, 2);
INSERT INTO AssignKeepingStaff (TaskID, StaffId) VALUES (53, 85);
INSERT INTO AssignKeepingStaff (TaskID, StaffId) VALUES (54, 61);
INSERT INTO AssignKeepingStaff (TaskID, StaffId) VALUES (55, 346);
INSERT INTO AssignKeepingStaff (TaskID, StaffId) VALUES (56, 186);
INSERT INTO AssignKeepingStaff (TaskID, StaffId) VALUES (57, 136);
INSERT INTO AssignKeepingStaff (TaskID, StaffId) VALUES (58, 365);
INSERT INTO AssignKeepingStaff (TaskID, StaffId) VALUES (59, 224);
INSERT INTO AssignKeepingStaff (TaskID, StaffId) VALUES (60, 67);
INSERT INTO AssignKeepingStaff (TaskID, StaffId) VALUES (61, 361);
INSERT INTO AssignKeepingStaff (TaskID, StaffId) VALUES (62, 374);
INSERT INTO AssignKeepingStaff (TaskID, StaffId) VALUES (63, 229);
INSERT INTO AssignKeepingStaff (TaskID, StaffId) VALUES (64, 34);
INSERT INTO AssignKeepingStaff (TaskID, StaffId) VALUES (65, 212);
INSERT INTO AssignKeepingStaff (TaskID, StaffId) VALUES (66, 363);
INSERT INTO AssignKeepingStaff (TaskID, StaffId) VALUES (67, 181);
INSERT INTO AssignKeepingStaff (TaskID, StaffId) VALUES (68, 199);
INSERT INTO AssignKeepingStaff (TaskID, StaffId) VALUES (69, 364);
INSERT INTO AssignKeepingStaff (TaskID, StaffId) VALUES (70, 290);
INSERT INTO AssignKeepingStaff (TaskID, StaffId) VALUES (71, 16);
INSERT INTO AssignKeepingStaff (TaskID, StaffId) VALUES (72, 254);
INSERT INTO AssignKeepingStaff (TaskID, StaffId) VALUES (73, 100);
INSERT INTO AssignKeepingStaff (TaskID, StaffId) VALUES (74, 398);
INSERT INTO AssignKeepingStaff (TaskID, StaffId) VALUES (75, 390);
INSERT INTO AssignKeepingStaff (TaskID, StaffId) VALUES (76, 1);
INSERT INTO AssignKeepingStaff (TaskID, StaffId) VALUES (77, 183);
INSERT INTO AssignKeepingStaff (TaskID, StaffId) VALUES (78, 139);
INSERT INTO AssignKeepingStaff (TaskID, StaffId) VALUES (79, 91);
INSERT INTO AssignKeepingStaff (TaskID, StaffId) VALUES (80, 147);
INSERT INTO AssignKeepingStaff (TaskID, StaffId) VALUES (81, 362);
INSERT INTO AssignKeepingStaff (TaskID, StaffId) VALUES (82, 1);
INSERT INTO AssignKeepingStaff (TaskID, StaffId) VALUES (83, 259);
INSERT INTO AssignKeepingStaff (TaskID, StaffId) VALUES (84, 399);
INSERT INTO AssignKeepingStaff (TaskID, StaffId) VALUES (85, 193);
INSERT INTO AssignKeepingStaff (TaskID, StaffId) VALUES (86, 83);
INSERT INTO AssignKeepingStaff (TaskID, StaffId) VALUES (87, 31);
INSERT INTO AssignKeepingStaff (TaskID, StaffId) VALUES (88, 47);
INSERT INTO AssignKeepingStaff (TaskID, StaffId) VALUES (89, 233);
INSERT INTO AssignKeepingStaff (TaskID, StaffId) VALUES (90, 282);
INSERT INTO AssignKeepingStaff (TaskID, StaffId) VALUES (91, 193);
INSERT INTO AssignKeepingStaff (TaskID, StaffId) VALUES (92, 111);
INSERT INTO AssignKeepingStaff (TaskID, StaffId) VALUES (93, 312);
INSERT INTO AssignKeepingStaff (TaskID, StaffId) VALUES (94, 149);
INSERT INTO AssignKeepingStaff (TaskID, StaffId) VALUES (95, 286);
INSERT INTO AssignKeepingStaff (TaskID, StaffId) VALUES (96, 150);
INSERT INTO AssignKeepingStaff (TaskID, StaffId) VALUES (97, 301);
INSERT INTO AssignKeepingStaff (TaskID, StaffId) VALUES (98, 16);
INSERT INTO AssignKeepingStaff (TaskID, StaffId) VALUES (99, 353);
INSERT INTO AssignKeepingStaff (TaskID, StaffId) VALUES (100, 80);
INSERT INTO AssignKeepingStaff (TaskID, StaffId) VALUES (101, 77);
INSERT INTO AssignKeepingStaff (TaskID, StaffId) VALUES (102, 255);
INSERT INTO AssignKeepingStaff (TaskID, StaffId) VALUES (103, 338);
INSERT INTO AssignKeepingStaff (TaskID, StaffId) VALUES (104, 359);
INSERT INTO AssignKeepingStaff (TaskID, StaffId) VALUES (105, 386);
INSERT INTO AssignKeepingStaff (TaskID, StaffId) VALUES (106, 268);
INSERT INTO AssignKeepingStaff (TaskID, StaffId) VALUES (107, 7);
INSERT INTO AssignKeepingStaff (TaskID, StaffId) VALUES (108, 394);
INSERT INTO AssignKeepingStaff (TaskID, StaffId) VALUES (109, 81);
INSERT INTO AssignKeepingStaff (TaskID, StaffId) VALUES (110, 120);
INSERT INTO AssignKeepingStaff (TaskID, StaffId) VALUES (111, 64);
INSERT INTO AssignKeepingStaff (TaskID, StaffId) VALUES (112, 346);
INSERT INTO AssignKeepingStaff (TaskID, StaffId) VALUES (113, 101);
INSERT INTO AssignKeepingStaff (TaskID, StaffId) VALUES (114, 251);
INSERT INTO AssignKeepingStaff (TaskID, StaffId) VALUES (115, 179);
INSERT INTO AssignKeepingStaff (TaskID, StaffId) VALUES (116, 179);
INSERT INTO AssignKeepingStaff (TaskID, StaffId) VALUES (117, 162);
INSERT INTO AssignKeepingStaff (TaskID, StaffId) VALUES (118, 232);
INSERT INTO AssignKeepingStaff (TaskID, StaffId) VALUES (119, 83);
INSERT INTO AssignKeepingStaff (TaskID, StaffId) VALUES (120, 261);
INSERT INTO AssignKeepingStaff (TaskID, StaffId) VALUES (121, 96);
INSERT INTO AssignKeepingStaff (TaskID, StaffId) VALUES (122, 55);
INSERT INTO AssignKeepingStaff (TaskID, StaffId) VALUES (123, 305);
INSERT INTO AssignKeepingStaff (TaskID, StaffId) VALUES (124, 112);
INSERT INTO AssignKeepingStaff (TaskID, StaffId) VALUES (125, 159);
INSERT INTO AssignKeepingStaff (TaskID, StaffId) VALUES (126, 204);
INSERT INTO AssignKeepingStaff (TaskID, StaffId) VALUES (127, 243);
INSERT INTO AssignKeepingStaff (TaskID, StaffId) VALUES (128, 152);
INSERT INTO AssignKeepingStaff (TaskID, StaffId) VALUES (129, 159);
INSERT INTO AssignKeepingStaff (TaskID, StaffId) VALUES (130, 263);
INSERT INTO AssignKeepingStaff (TaskID, StaffId) VALUES (131, 218);
INSERT INTO AssignKeepingStaff (TaskID, StaffId) VALUES (132, 203);
INSERT INTO AssignKeepingStaff (TaskID, StaffId) VALUES (133, 366);
INSERT INTO AssignKeepingStaff (TaskID, StaffId) VALUES (134, 16);
INSERT INTO AssignKeepingStaff (TaskID, StaffId) VALUES (135, 291);
INSERT INTO AssignKeepingStaff (TaskID, StaffId) VALUES (136, 385);
INSERT INTO AssignKeepingStaff (TaskID, StaffId) VALUES (137, 75);
INSERT INTO AssignKeepingStaff (TaskID, StaffId) VALUES (138, 141);
INSERT INTO AssignKeepingStaff (TaskID, StaffId) VALUES (139, 104);
INSERT INTO AssignKeepingStaff (TaskID, StaffId) VALUES (140, 339);
INSERT INTO AssignKeepingStaff (TaskID, StaffId) VALUES (141, 400);
INSERT INTO AssignKeepingStaff (TaskID, StaffId) VALUES (142, 189);
INSERT INTO AssignKeepingStaff (TaskID, StaffId) VALUES (143, 383);
INSERT INTO AssignKeepingStaff (TaskID, StaffId) VALUES (144, 123);
INSERT INTO AssignKeepingStaff (TaskID, StaffId) VALUES (145, 86);
INSERT INTO AssignKeepingStaff (TaskID, StaffId) VALUES (146, 231);
INSERT INTO AssignKeepingStaff (TaskID, StaffId) VALUES (147, 68);
INSERT INTO AssignKeepingStaff (TaskID, StaffId) VALUES (148, 119);
INSERT INTO AssignKeepingStaff (TaskID, StaffId) VALUES (149, 293);
INSERT INTO AssignKeepingStaff (TaskID, StaffId) VALUES (150, 379);
INSERT INTO AssignKeepingStaff (TaskID, StaffId) VALUES (151, 293);
INSERT INTO AssignKeepingStaff (TaskID, StaffId) VALUES (152, 204);
INSERT INTO AssignKeepingStaff (TaskID, StaffId) VALUES (153, 145);
INSERT INTO AssignKeepingStaff (TaskID, StaffId) VALUES (154, 294);
INSERT INTO AssignKeepingStaff (TaskID, StaffId) VALUES (155, 129);
INSERT INTO AssignKeepingStaff (TaskID, StaffId) VALUES (156, 246);
INSERT INTO AssignKeepingStaff (TaskID, StaffId) VALUES (157, 167);
INSERT INTO AssignKeepingStaff (TaskID, StaffId) VALUES (158, 203);
INSERT INTO AssignKeepingStaff (TaskID, StaffId) VALUES (159, 42);
INSERT INTO AssignKeepingStaff (TaskID, StaffId) VALUES (160, 133);
INSERT INTO AssignKeepingStaff (TaskID, StaffId) VALUES (161, 365);
INSERT INTO AssignKeepingStaff (TaskID, StaffId) VALUES (162, 110);
INSERT INTO AssignKeepingStaff (TaskID, StaffId) VALUES (163, 136);
INSERT INTO AssignKeepingStaff (TaskID, StaffId) VALUES (164, 291);
INSERT INTO AssignKeepingStaff (TaskID, StaffId) VALUES (165, 133);
INSERT INTO AssignKeepingStaff (TaskID, StaffId) VALUES (166, 109);
INSERT INTO AssignKeepingStaff (TaskID, StaffId) VALUES (167, 52);
INSERT INTO AssignKeepingStaff (TaskID, StaffId) VALUES (168, 23);
INSERT INTO AssignKeepingStaff (TaskID, StaffId) VALUES (169, 170);
INSERT INTO AssignKeepingStaff (TaskID, StaffId) VALUES (170, 317);
INSERT INTO AssignKeepingStaff (TaskID, StaffId) VALUES (171, 156);
INSERT INTO AssignKeepingStaff (TaskID, StaffId) VALUES (172, 343);
INSERT INTO AssignKeepingStaff (TaskID, StaffId) VALUES (173, 131);
INSERT INTO AssignKeepingStaff (TaskID, StaffId) VALUES (174, 145);
INSERT INTO AssignKeepingStaff (TaskID, StaffId) VALUES (175, 32);
INSERT INTO AssignKeepingStaff (TaskID, StaffId) VALUES (176, 340);
INSERT INTO AssignKeepingStaff (TaskID, StaffId) VALUES (177, 297);
INSERT INTO AssignKeepingStaff (TaskID, StaffId) VALUES (178, 383);
INSERT INTO AssignKeepingStaff (TaskID, StaffId) VALUES (179, 187);
INSERT INTO AssignKeepingStaff (TaskID, StaffId) VALUES (180, 390);
INSERT INTO AssignKeepingStaff (TaskID, StaffId) VALUES (181, 94);
INSERT INTO AssignKeepingStaff (TaskID, StaffId) VALUES (182, 37);
INSERT INTO AssignKeepingStaff (TaskID, StaffId) VALUES (183, 331);
INSERT INTO AssignKeepingStaff (TaskID, StaffId) VALUES (184, 290);
INSERT INTO AssignKeepingStaff (TaskID, StaffId) VALUES (185, 218);
INSERT INTO AssignKeepingStaff (TaskID, StaffId) VALUES (186, 191);
INSERT INTO AssignKeepingStaff (TaskID, StaffId) VALUES (187, 104);
INSERT INTO AssignKeepingStaff (TaskID, StaffId) VALUES (188, 288);
INSERT INTO AssignKeepingStaff (TaskID, StaffId) VALUES (189, 119);
INSERT INTO AssignKeepingStaff (TaskID, StaffId) VALUES (190, 170);
INSERT INTO AssignKeepingStaff (TaskID, StaffId) VALUES (191, 142);
INSERT INTO AssignKeepingStaff (TaskID, StaffId) VALUES (192, 27);
INSERT INTO AssignKeepingStaff (TaskID, StaffId) VALUES (193, 210);
INSERT INTO AssignKeepingStaff (TaskID, StaffId) VALUES (194, 50);
INSERT INTO AssignKeepingStaff (TaskID, StaffId) VALUES (195, 120);
INSERT INTO AssignKeepingStaff (TaskID, StaffId) VALUES (196, 238);
INSERT INTO AssignKeepingStaff (TaskID, StaffId) VALUES (197, 5);
INSERT INTO AssignKeepingStaff (TaskID, StaffId) VALUES (198, 202);
INSERT INTO AssignKeepingStaff (TaskID, StaffId) VALUES (199, 186);
INSERT INTO AssignKeepingStaff (TaskID, StaffId) VALUES (200, 127);
INSERT INTO AssignKeepingStaff (TaskID, StaffId) VALUES (201, 56);
INSERT INTO AssignKeepingStaff (TaskID, StaffId) VALUES (202, 13);
INSERT INTO AssignKeepingStaff (TaskID, StaffId) VALUES (203, 16);
INSERT INTO AssignKeepingStaff (TaskID, StaffId) VALUES (204, 247);
INSERT INTO AssignKeepingStaff (TaskID, StaffId) VALUES (205, 125);
INSERT INTO AssignKeepingStaff (TaskID, StaffId) VALUES (206, 46);
INSERT INTO AssignKeepingStaff (TaskID, StaffId) VALUES (207, 279);
INSERT INTO AssignKeepingStaff (TaskID, StaffId) VALUES (208, 13);
INSERT INTO AssignKeepingStaff (TaskID, StaffId) VALUES (209, 102);
INSERT INTO AssignKeepingStaff (TaskID, StaffId) VALUES (210, 136);
INSERT INTO AssignKeepingStaff (TaskID, StaffId) VALUES (211, 337);
INSERT INTO AssignKeepingStaff (TaskID, StaffId) VALUES (212, 89);
INSERT INTO AssignKeepingStaff (TaskID, StaffId) VALUES (213, 147);
INSERT INTO AssignKeepingStaff (TaskID, StaffId) VALUES (214, 154);
INSERT INTO AssignKeepingStaff (TaskID, StaffId) VALUES (215, 73);
INSERT INTO AssignKeepingStaff (TaskID, StaffId) VALUES (216, 280);
INSERT INTO AssignKeepingStaff (TaskID, StaffId) VALUES (217, 155);
INSERT INTO AssignKeepingStaff (TaskID, StaffId) VALUES (218, 342);
INSERT INTO AssignKeepingStaff (TaskID, StaffId) VALUES (219, 92);
INSERT INTO AssignKeepingStaff (TaskID, StaffId) VALUES (220, 360);
INSERT INTO AssignKeepingStaff (TaskID, StaffId) VALUES (221, 32);
INSERT INTO AssignKeepingStaff (TaskID, StaffId) VALUES (222, 224);
INSERT INTO AssignKeepingStaff (TaskID, StaffId) VALUES (223, 37);
INSERT INTO AssignKeepingStaff (TaskID, StaffId) VALUES (224, 175);
INSERT INTO AssignKeepingStaff (TaskID, StaffId) VALUES (225, 128);
INSERT INTO AssignKeepingStaff (TaskID, StaffId) VALUES (226, 268);
INSERT INTO AssignKeepingStaff (TaskID, StaffId) VALUES (227, 372);
INSERT INTO AssignKeepingStaff (TaskID, StaffId) VALUES (228, 229);
INSERT INTO AssignKeepingStaff (TaskID, StaffId) VALUES (229, 145);
INSERT INTO AssignKeepingStaff (TaskID, StaffId) VALUES (230, 142);
INSERT INTO AssignKeepingStaff (TaskID, StaffId) VALUES (231, 123);
INSERT INTO AssignKeepingStaff (TaskID, StaffId) VALUES (232, 223);
INSERT INTO AssignKeepingStaff (TaskID, StaffId) VALUES (233, 34);
INSERT INTO AssignKeepingStaff (TaskID, StaffId) VALUES (234, 62);
INSERT INTO AssignKeepingStaff (TaskID, StaffId) VALUES (235, 48);
INSERT INTO AssignKeepingStaff (TaskID, StaffId) VALUES (236, 208);
INSERT INTO AssignKeepingStaff (TaskID, StaffId) VALUES (237, 29);
INSERT INTO AssignKeepingStaff (TaskID, StaffId) VALUES (238, 168);
INSERT INTO AssignKeepingStaff (TaskID, StaffId) VALUES (239, 227);
INSERT INTO AssignKeepingStaff (TaskID, StaffId) VALUES (240, 206);
INSERT INTO AssignKeepingStaff (TaskID, StaffId) VALUES (241, 41);
INSERT INTO AssignKeepingStaff (TaskID, StaffId) VALUES (242, 40);
INSERT INTO AssignKeepingStaff (TaskID, StaffId) VALUES (243, 378);
INSERT INTO AssignKeepingStaff (TaskID, StaffId) VALUES (244, 317);
INSERT INTO AssignKeepingStaff (TaskID, StaffId) VALUES (245, 180);
INSERT INTO AssignKeepingStaff (TaskID, StaffId) VALUES (246, 75);
INSERT INTO AssignKeepingStaff (TaskID, StaffId) VALUES (247, 230);
INSERT INTO AssignKeepingStaff (TaskID, StaffId) VALUES (248, 100);
INSERT INTO AssignKeepingStaff (TaskID, StaffId) VALUES (249, 262);
INSERT INTO AssignKeepingStaff (TaskID, StaffId) VALUES (250, 285);
INSERT INTO AssignKeepingStaff (TaskID, StaffId) VALUES (251, 370);
INSERT INTO AssignKeepingStaff (TaskID, StaffId) VALUES (252, 293);
INSERT INTO AssignKeepingStaff (TaskID, StaffId) VALUES (253, 154);
INSERT INTO AssignKeepingStaff (TaskID, StaffId) VALUES (254, 383);
INSERT INTO AssignKeepingStaff (TaskID, StaffId) VALUES (255, 89);
INSERT INTO AssignKeepingStaff (TaskID, StaffId) VALUES (256, 202);
INSERT INTO AssignKeepingStaff (TaskID, StaffId) VALUES (257, 281);
INSERT INTO AssignKeepingStaff (TaskID, StaffId) VALUES (258, 372);
INSERT INTO AssignKeepingStaff (TaskID, StaffId) VALUES (259, 108);
INSERT INTO AssignKeepingStaff (TaskID, StaffId) VALUES (260, 189);
INSERT INTO AssignKeepingStaff (TaskID, StaffId) VALUES (261, 195);
INSERT INTO AssignKeepingStaff (TaskID, StaffId) VALUES (262, 56);
INSERT INTO AssignKeepingStaff (TaskID, StaffId) VALUES (263, 276);
INSERT INTO AssignKeepingStaff (TaskID, StaffId) VALUES (264, 174);
INSERT INTO AssignKeepingStaff (TaskID, StaffId) VALUES (265, 166);
INSERT INTO AssignKeepingStaff (TaskID, StaffId) VALUES (266, 376);
INSERT INTO AssignKeepingStaff (TaskID, StaffId) VALUES (267, 196);
INSERT INTO AssignKeepingStaff (TaskID, StaffId) VALUES (268, 184);
INSERT INTO AssignKeepingStaff (TaskID, StaffId) VALUES (269, 389);
INSERT INTO AssignKeepingStaff (TaskID, StaffId) VALUES (270, 268);
INSERT INTO AssignKeepingStaff (TaskID, StaffId) VALUES (271, 206);
INSERT INTO AssignKeepingStaff (TaskID, StaffId) VALUES (272, 257);
INSERT INTO AssignKeepingStaff (TaskID, StaffId) VALUES (273, 127);
INSERT INTO AssignKeepingStaff (TaskID, StaffId) VALUES (274, 127);
INSERT INTO AssignKeepingStaff (TaskID, StaffId) VALUES (275, 274);
INSERT INTO AssignKeepingStaff (TaskID, StaffId) VALUES (276, 222);
INSERT INTO AssignKeepingStaff (TaskID, StaffId) VALUES (277, 315);
INSERT INTO AssignKeepingStaff (TaskID, StaffId) VALUES (278, 144);
INSERT INTO AssignKeepingStaff (TaskID, StaffId) VALUES (279, 329);
INSERT INTO AssignKeepingStaff (TaskID, StaffId) VALUES (280, 387);
INSERT INTO AssignKeepingStaff (TaskID, StaffId) VALUES (281, 356);
INSERT INTO AssignKeepingStaff (TaskID, StaffId) VALUES (282, 53);
INSERT INTO AssignKeepingStaff (TaskID, StaffId) VALUES (283, 337);
INSERT INTO AssignKeepingStaff (TaskID, StaffId) VALUES (284, 117);
INSERT INTO AssignKeepingStaff (TaskID, StaffId) VALUES (285, 70);
INSERT INTO AssignKeepingStaff (TaskID, StaffId) VALUES (286, 214);
INSERT INTO AssignKeepingStaff (TaskID, StaffId) VALUES (287, 342);
INSERT INTO AssignKeepingStaff (TaskID, StaffId) VALUES (288, 223);
INSERT INTO AssignKeepingStaff (TaskID, StaffId) VALUES (289, 15);
INSERT INTO AssignKeepingStaff (TaskID, StaffId) VALUES (290, 185);
INSERT INTO AssignKeepingStaff (TaskID, StaffId) VALUES (291, 162);
INSERT INTO AssignKeepingStaff (TaskID, StaffId) VALUES (292, 178);
INSERT INTO AssignKeepingStaff (TaskID, StaffId) VALUES (293, 397);
INSERT INTO AssignKeepingStaff (TaskID, StaffId) VALUES (294, 257);
INSERT INTO AssignKeepingStaff (TaskID, StaffId) VALUES (295, 205);
INSERT INTO AssignKeepingStaff (TaskID, StaffId) VALUES (296, 228);
INSERT INTO AssignKeepingStaff (TaskID, StaffId) VALUES (297, 101);
INSERT INTO AssignKeepingStaff (TaskID, StaffId) VALUES (298, 268);
INSERT INTO AssignKeepingStaff (TaskID, StaffId) VALUES (299, 357);
INSERT INTO AssignKeepingStaff (TaskID, StaffId) VALUES (300, 36);
INSERT INTO AssignKeepingStaff (TaskID, StaffId) VALUES (301, 266);
INSERT INTO AssignKeepingStaff (TaskID, StaffId) VALUES (302, 340);
INSERT INTO AssignKeepingStaff (TaskID, StaffId) VALUES (303, 212);
INSERT INTO AssignKeepingStaff (TaskID, StaffId) VALUES (304, 181);
INSERT INTO AssignKeepingStaff (TaskID, StaffId) VALUES (305, 195);
INSERT INTO AssignKeepingStaff (TaskID, StaffId) VALUES (306, 76);
INSERT INTO AssignKeepingStaff (TaskID, StaffId) VALUES (307, 311);
INSERT INTO AssignKeepingStaff (TaskID, StaffId) VALUES (308, 160);
INSERT INTO AssignKeepingStaff (TaskID, StaffId) VALUES (309, 79);
INSERT INTO AssignKeepingStaff (TaskID, StaffId) VALUES (310, 383);
INSERT INTO AssignKeepingStaff (TaskID, StaffId) VALUES (311, 16);
INSERT INTO AssignKeepingStaff (TaskID, StaffId) VALUES (312, 148);
INSERT INTO AssignKeepingStaff (TaskID, StaffId) VALUES (313, 284);
INSERT INTO AssignKeepingStaff (TaskID, StaffId) VALUES (314, 310);
INSERT INTO AssignKeepingStaff (TaskID, StaffId) VALUES (315, 243);
INSERT INTO AssignKeepingStaff (TaskID, StaffId) VALUES (316, 8);
INSERT INTO AssignKeepingStaff (TaskID, StaffId) VALUES (317, 261);
INSERT INTO AssignKeepingStaff (TaskID, StaffId) VALUES (318, 305);
INSERT INTO AssignKeepingStaff (TaskID, StaffId) VALUES (319, 134);
INSERT INTO AssignKeepingStaff (TaskID, StaffId) VALUES (320, 75);
INSERT INTO AssignKeepingStaff (TaskID, StaffId) VALUES (321, 280);
INSERT INTO AssignKeepingStaff (TaskID, StaffId) VALUES (322, 8);
INSERT INTO AssignKeepingStaff (TaskID, StaffId) VALUES (323, 351);
INSERT INTO AssignKeepingStaff (TaskID, StaffId) VALUES (324, 98);
INSERT INTO AssignKeepingStaff (TaskID, StaffId) VALUES (325, 45);
INSERT INTO AssignKeepingStaff (TaskID, StaffId) VALUES (326, 50);
INSERT INTO AssignKeepingStaff (TaskID, StaffId) VALUES (327, 123);
INSERT INTO AssignKeepingStaff (TaskID, StaffId) VALUES (328, 316);
INSERT INTO AssignKeepingStaff (TaskID, StaffId) VALUES (329, 155);
INSERT INTO AssignKeepingStaff (TaskID, StaffId) VALUES (330, 135);
INSERT INTO AssignKeepingStaff (TaskID, StaffId) VALUES (331, 182);
INSERT INTO AssignKeepingStaff (TaskID, StaffId) VALUES (332, 372);
INSERT INTO AssignKeepingStaff (TaskID, StaffId) VALUES (333, 164);
INSERT INTO AssignKeepingStaff (TaskID, StaffId) VALUES (334, 142);
INSERT INTO AssignKeepingStaff (TaskID, StaffId) VALUES (335, 101);
INSERT INTO AssignKeepingStaff (TaskID, StaffId) VALUES (336, 261);
INSERT INTO AssignKeepingStaff (TaskID, StaffId) VALUES (337, 368);
INSERT INTO AssignKeepingStaff (TaskID, StaffId) VALUES (338, 189);
INSERT INTO AssignKeepingStaff (TaskID, StaffId) VALUES (339, 17);
INSERT INTO AssignKeepingStaff (TaskID, StaffId) VALUES (340, 201);
INSERT INTO AssignKeepingStaff (TaskID, StaffId) VALUES (341, 51);
INSERT INTO AssignKeepingStaff (TaskID, StaffId) VALUES (342, 167);
INSERT INTO AssignKeepingStaff (TaskID, StaffId) VALUES (343, 14);
INSERT INTO AssignKeepingStaff (TaskID, StaffId) VALUES (344, 70);
INSERT INTO AssignKeepingStaff (TaskID, StaffId) VALUES (345, 147);
INSERT INTO AssignKeepingStaff (TaskID, StaffId) VALUES (346, 254);
INSERT INTO AssignKeepingStaff (TaskID, StaffId) VALUES (347, 152);
INSERT INTO AssignKeepingStaff (TaskID, StaffId) VALUES (348, 274);
INSERT INTO AssignKeepingStaff (TaskID, StaffId) VALUES (349, 68);
INSERT INTO AssignKeepingStaff (TaskID, StaffId) VALUES (350, 114);
INSERT INTO AssignKeepingStaff (TaskID, StaffId) VALUES (351, 249);
INSERT INTO AssignKeepingStaff (TaskID, StaffId) VALUES (352, 380);
INSERT INTO AssignKeepingStaff (TaskID, StaffId) VALUES (353, 280);
INSERT INTO AssignKeepingStaff (TaskID, StaffId) VALUES (354, 391);
INSERT INTO AssignKeepingStaff (TaskID, StaffId) VALUES (355, 124);
INSERT INTO AssignKeepingStaff (TaskID, StaffId) VALUES (356, 270);
INSERT INTO AssignKeepingStaff (TaskID, StaffId) VALUES (357, 81);
INSERT INTO AssignKeepingStaff (TaskID, StaffId) VALUES (358, 125);
INSERT INTO AssignKeepingStaff (TaskID, StaffId) VALUES (359, 114);
INSERT INTO AssignKeepingStaff (TaskID, StaffId) VALUES (360, 304);
INSERT INTO AssignKeepingStaff (TaskID, StaffId) VALUES (361, 180);
INSERT INTO AssignKeepingStaff (TaskID, StaffId) VALUES (362, 25);
INSERT INTO AssignKeepingStaff (TaskID, StaffId) VALUES (363, 376);
INSERT INTO AssignKeepingStaff (TaskID, StaffId) VALUES (364, 82);
INSERT INTO AssignKeepingStaff (TaskID, StaffId) VALUES (365, 335);
INSERT INTO AssignKeepingStaff (TaskID, StaffId) VALUES (366, 15);
INSERT INTO AssignKeepingStaff (TaskID, StaffId) VALUES (367, 67);
INSERT INTO AssignKeepingStaff (TaskID, StaffId) VALUES (368, 208);
INSERT INTO AssignKeepingStaff (TaskID, StaffId) VALUES (369, 138);
INSERT INTO AssignKeepingStaff (TaskID, StaffId) VALUES (370, 222);
INSERT INTO AssignKeepingStaff (TaskID, StaffId) VALUES (371, 139);
INSERT INTO AssignKeepingStaff (TaskID, StaffId) VALUES (372, 385);
INSERT INTO AssignKeepingStaff (TaskID, StaffId) VALUES (373, 140);
INSERT INTO AssignKeepingStaff (TaskID, StaffId) VALUES (374, 56);
INSERT INTO AssignKeepingStaff (TaskID, StaffId) VALUES (375, 60);
INSERT INTO AssignKeepingStaff (TaskID, StaffId) VALUES (376, 65);
INSERT INTO AssignKeepingStaff (TaskID, StaffId) VALUES (377, 117);
INSERT INTO AssignKeepingStaff (TaskID, StaffId) VALUES (378, 249);
INSERT INTO AssignKeepingStaff (TaskID, StaffId) VALUES (379, 128);
INSERT INTO AssignKeepingStaff (TaskID, StaffId) VALUES (380, 246);
INSERT INTO AssignKeepingStaff (TaskID, StaffId) VALUES (381, 237);
INSERT INTO AssignKeepingStaff (TaskID, StaffId) VALUES (382, 223);
INSERT INTO AssignKeepingStaff (TaskID, StaffId) VALUES (383, 22);
INSERT INTO AssignKeepingStaff (TaskID, StaffId) VALUES (384, 105);
INSERT INTO AssignKeepingStaff (TaskID, StaffId) VALUES (385, 297);
INSERT INTO AssignKeepingStaff (TaskID, StaffId) VALUES (386, 131);
INSERT INTO AssignKeepingStaff (TaskID, StaffId) VALUES (387, 267);
INSERT INTO AssignKeepingStaff (TaskID, StaffId) VALUES (388, 54);
INSERT INTO AssignKeepingStaff (TaskID, StaffId) VALUES (389, 61);
INSERT INTO AssignKeepingStaff (TaskID, StaffId) VALUES (390, 21);
INSERT INTO AssignKeepingStaff (TaskID, StaffId) VALUES (391, 192);
INSERT INTO AssignKeepingStaff (TaskID, StaffId) VALUES (392, 282);
INSERT INTO AssignKeepingStaff (TaskID, StaffId) VALUES (393, 234);
INSERT INTO AssignKeepingStaff (TaskID, StaffId) VALUES (394, 118);
INSERT INTO AssignKeepingStaff (TaskID, StaffId) VALUES (395, 143);
INSERT INTO AssignKeepingStaff (TaskID, StaffId) VALUES (396, 292);
INSERT INTO AssignKeepingStaff (TaskID, StaffId) VALUES (397, 26);
INSERT INTO AssignKeepingStaff (TaskID, StaffId) VALUES (398, 328);
INSERT INTO AssignKeepingStaff (TaskID, StaffId) VALUES (399, 348);
INSERT INTO AssignKeepingStaff (TaskID, StaffId) VALUES (400, 66);
INSERT INTO AssignMaintenanceStaff (RequestId, StaffId) VALUES (1, 10);
INSERT INTO AssignMaintenanceStaff (RequestId, StaffId) VALUES (2, 143);
INSERT INTO AssignMaintenanceStaff (RequestId, StaffId) VALUES (3, 238);
INSERT INTO AssignMaintenanceStaff (RequestId, StaffId) VALUES (4, 51);
INSERT INTO AssignMaintenanceStaff (RequestId, StaffId) VALUES (5, 327);
INSERT INTO AssignMaintenanceStaff (RequestId, StaffId) VALUES (6, 177);
INSERT INTO AssignMaintenanceStaff (RequestId, StaffId) VALUES (7, 282);
INSERT INTO AssignMaintenanceStaff (RequestId, StaffId) VALUES (8, 253);
INSERT INTO AssignMaintenanceStaff (RequestId, StaffId) VALUES (9, 256);
INSERT INTO AssignMaintenanceStaff (RequestId, StaffId) VALUES (10, 13);
INSERT INTO AssignMaintenanceStaff (RequestId, StaffId) VALUES (11, 272);
INSERT INTO AssignMaintenanceStaff (RequestId, StaffId) VALUES (12, 346);
INSERT INTO AssignMaintenanceStaff (RequestId, StaffId) VALUES (13, 158);
INSERT INTO AssignMaintenanceStaff (RequestId, StaffId) VALUES (14, 102);
INSERT INTO AssignMaintenanceStaff (RequestId, StaffId) VALUES (15, 363);
INSERT INTO AssignMaintenanceStaff (RequestId, StaffId) VALUES (16, 50);
INSERT INTO AssignMaintenanceStaff (RequestId, StaffId) VALUES (17, 377);
INSERT INTO AssignMaintenanceStaff (RequestId, StaffId) VALUES (18, 172);
INSERT INTO AssignMaintenanceStaff (RequestId, StaffId) VALUES (19, 323);
INSERT INTO AssignMaintenanceStaff (RequestId, StaffId) VALUES (20, 252);
INSERT INTO AssignMaintenanceStaff (RequestId, StaffId) VALUES (21, 253);
INSERT INTO AssignMaintenanceStaff (RequestId, StaffId) VALUES (22, 216);
INSERT INTO AssignMaintenanceStaff (RequestId, StaffId) VALUES (23, 397);
INSERT INTO AssignMaintenanceStaff (RequestId, StaffId) VALUES (24, 281);
INSERT INTO AssignMaintenanceStaff (RequestId, StaffId) VALUES (25, 207);
INSERT INTO AssignMaintenanceStaff (RequestId, StaffId) VALUES (26, 374);
INSERT INTO AssignMaintenanceStaff (RequestId, StaffId) VALUES (27, 375);
INSERT INTO AssignMaintenanceStaff (RequestId, StaffId) VALUES (28, 362);
INSERT INTO AssignMaintenanceStaff (RequestId, StaffId) VALUES (29, 204);
INSERT INTO AssignMaintenanceStaff (RequestId, StaffId) VALUES (30, 51);
INSERT INTO AssignMaintenanceStaff (RequestId, StaffId) VALUES (31, 200);
INSERT INTO AssignMaintenanceStaff (RequestId, StaffId) VALUES (32, 237);
INSERT INTO AssignMaintenanceStaff (RequestId, StaffId) VALUES (33, 357);
INSERT INTO AssignMaintenanceStaff (RequestId, StaffId) VALUES (34, 235);
INSERT INTO AssignMaintenanceStaff (RequestId, StaffId) VALUES (35, 356);
INSERT INTO AssignMaintenanceStaff (RequestId, StaffId) VALUES (36, 76);
INSERT INTO AssignMaintenanceStaff (RequestId, StaffId) VALUES (37, 143);
INSERT INTO AssignMaintenanceStaff (RequestId, StaffId) VALUES (38, 334);
INSERT INTO AssignMaintenanceStaff (RequestId, StaffId) VALUES (39, 356);
INSERT INTO AssignMaintenanceStaff (RequestId, StaffId) VALUES (40, 206);
INSERT INTO AssignMaintenanceStaff (RequestId, StaffId) VALUES (41, 374);
INSERT INTO AssignMaintenanceStaff (RequestId, StaffId) VALUES (42, 361);
INSERT INTO AssignMaintenanceStaff (RequestId, StaffId) VALUES (43, 98);
INSERT INTO AssignMaintenanceStaff (RequestId, StaffId) VALUES (44, 263);
INSERT INTO AssignMaintenanceStaff (RequestId, StaffId) VALUES (45, 250);
INSERT INTO AssignMaintenanceStaff (RequestId, StaffId) VALUES (46, 327);
INSERT INTO AssignMaintenanceStaff (RequestId, StaffId) VALUES (47, 105);
INSERT INTO AssignMaintenanceStaff (RequestId, StaffId) VALUES (48, 44);
INSERT INTO AssignMaintenanceStaff (RequestId, StaffId) VALUES (49, 269);
INSERT INTO AssignMaintenanceStaff (RequestId, StaffId) VALUES (50, 334);
INSERT INTO AssignMaintenanceStaff (RequestId, StaffId) VALUES (51, 42);
INSERT INTO AssignMaintenanceStaff (RequestId, StaffId) VALUES (52, 83);
INSERT INTO AssignMaintenanceStaff (RequestId, StaffId) VALUES (53, 241);
INSERT INTO AssignMaintenanceStaff (RequestId, StaffId) VALUES (54, 375);
INSERT INTO AssignMaintenanceStaff (RequestId, StaffId) VALUES (55, 297);
INSERT INTO AssignMaintenanceStaff (RequestId, StaffId) VALUES (56, 299);
INSERT INTO AssignMaintenanceStaff (RequestId, StaffId) VALUES (57, 38);
INSERT INTO AssignMaintenanceStaff (RequestId, StaffId) VALUES (58, 311);
INSERT INTO AssignMaintenanceStaff (RequestId, StaffId) VALUES (59, 145);
INSERT INTO AssignMaintenanceStaff (RequestId, StaffId) VALUES (60, 291);
INSERT INTO AssignMaintenanceStaff (RequestId, StaffId) VALUES (61, 356);
INSERT INTO AssignMaintenanceStaff (RequestId, StaffId) VALUES (62, 359);
INSERT INTO AssignMaintenanceStaff (RequestId, StaffId) VALUES (63, 45);
INSERT INTO AssignMaintenanceStaff (RequestId, StaffId) VALUES (64, 182);
INSERT INTO AssignMaintenanceStaff (RequestId, StaffId) VALUES (65, 238);
INSERT INTO AssignMaintenanceStaff (RequestId, StaffId) VALUES (66, 339);
INSERT INTO AssignMaintenanceStaff (RequestId, StaffId) VALUES (67, 182);
INSERT INTO AssignMaintenanceStaff (RequestId, StaffId) VALUES (68, 239);
INSERT INTO AssignMaintenanceStaff (RequestId, StaffId) VALUES (69, 189);
INSERT INTO AssignMaintenanceStaff (RequestId, StaffId) VALUES (70, 235);
INSERT INTO AssignMaintenanceStaff (RequestId, StaffId) VALUES (71, 208);
INSERT INTO AssignMaintenanceStaff (RequestId, StaffId) VALUES (72, 61);
INSERT INTO AssignMaintenanceStaff (RequestId, StaffId) VALUES (73, 43);
INSERT INTO AssignMaintenanceStaff (RequestId, StaffId) VALUES (74, 40);
INSERT INTO AssignMaintenanceStaff (RequestId, StaffId) VALUES (75, 361);
INSERT INTO AssignMaintenanceStaff (RequestId, StaffId) VALUES (76, 282);
INSERT INTO AssignMaintenanceStaff (RequestId, StaffId) VALUES (77, 330);
INSERT INTO AssignMaintenanceStaff (RequestId, StaffId) VALUES (78, 196);
INSERT INTO AssignMaintenanceStaff (RequestId, StaffId) VALUES (79, 310);
INSERT INTO AssignMaintenanceStaff (RequestId, StaffId) VALUES (80, 279);
INSERT INTO AssignMaintenanceStaff (RequestId, StaffId) VALUES (81, 333);
INSERT INTO AssignMaintenanceStaff (RequestId, StaffId) VALUES (82, 312);
INSERT INTO AssignMaintenanceStaff (RequestId, StaffId) VALUES (83, 179);
INSERT INTO AssignMaintenanceStaff (RequestId, StaffId) VALUES (84, 270);
INSERT INTO AssignMaintenanceStaff (RequestId, StaffId) VALUES (85, 308);
INSERT INTO AssignMaintenanceStaff (RequestId, StaffId) VALUES (86, 83);
INSERT INTO AssignMaintenanceStaff (RequestId, StaffId) VALUES (87, 385);
INSERT INTO AssignMaintenanceStaff (RequestId, StaffId) VALUES (88, 178);
INSERT INTO AssignMaintenanceStaff (RequestId, StaffId) VALUES (89, 100);
INSERT INTO AssignMaintenanceStaff (RequestId, StaffId) VALUES (90, 86);
INSERT INTO AssignMaintenanceStaff (RequestId, StaffId) VALUES (91, 287);
INSERT INTO AssignMaintenanceStaff (RequestId, StaffId) VALUES (92, 84);
INSERT INTO AssignMaintenanceStaff (RequestId, StaffId) VALUES (93, 219);
INSERT INTO AssignMaintenanceStaff (RequestId, StaffId) VALUES (94, 380);
INSERT INTO AssignMaintenanceStaff (RequestId, StaffId) VALUES (95, 1);
INSERT INTO AssignMaintenanceStaff (RequestId, StaffId) VALUES (96, 14);
INSERT INTO AssignMaintenanceStaff (RequestId, StaffId) VALUES (97, 1);
INSERT INTO AssignMaintenanceStaff (RequestId, StaffId) VALUES (98, 145);
INSERT INTO AssignMaintenanceStaff (RequestId, StaffId) VALUES (99, 56);
INSERT INTO AssignMaintenanceStaff (RequestId, StaffId) VALUES (100, 47);
INSERT INTO AssignMaintenanceStaff (RequestId, StaffId) VALUES (101, 64);
INSERT INTO AssignMaintenanceStaff (RequestId, StaffId) VALUES (102, 200);
INSERT INTO AssignMaintenanceStaff (RequestId, StaffId) VALUES (103, 99);
INSERT INTO AssignMaintenanceStaff (RequestId, StaffId) VALUES (104, 331);
INSERT INTO AssignMaintenanceStaff (RequestId, StaffId) VALUES (105, 81);
INSERT INTO AssignMaintenanceStaff (RequestId, StaffId) VALUES (106, 350);
INSERT INTO AssignMaintenanceStaff (RequestId, StaffId) VALUES (107, 315);
INSERT INTO AssignMaintenanceStaff (RequestId, StaffId) VALUES (108, 75);
INSERT INTO AssignMaintenanceStaff (RequestId, StaffId) VALUES (109, 110);
INSERT INTO AssignMaintenanceStaff (RequestId, StaffId) VALUES (110, 177);
INSERT INTO AssignMaintenanceStaff (RequestId, StaffId) VALUES (111, 394);
INSERT INTO AssignMaintenanceStaff (RequestId, StaffId) VALUES (112, 292);
INSERT INTO AssignMaintenanceStaff (RequestId, StaffId) VALUES (113, 156);
INSERT INTO AssignMaintenanceStaff (RequestId, StaffId) VALUES (114, 265);
INSERT INTO AssignMaintenanceStaff (RequestId, StaffId) VALUES (115, 334);
INSERT INTO AssignMaintenanceStaff (RequestId, StaffId) VALUES (116, 6);
INSERT INTO AssignMaintenanceStaff (RequestId, StaffId) VALUES (117, 345);
INSERT INTO AssignMaintenanceStaff (RequestId, StaffId) VALUES (118, 351);
INSERT INTO AssignMaintenanceStaff (RequestId, StaffId) VALUES (119, 124);
INSERT INTO AssignMaintenanceStaff (RequestId, StaffId) VALUES (120, 55);
INSERT INTO AssignMaintenanceStaff (RequestId, StaffId) VALUES (121, 105);
INSERT INTO AssignMaintenanceStaff (RequestId, StaffId) VALUES (122, 193);
INSERT INTO AssignMaintenanceStaff (RequestId, StaffId) VALUES (123, 244);
INSERT INTO AssignMaintenanceStaff (RequestId, StaffId) VALUES (124, 96);
INSERT INTO AssignMaintenanceStaff (RequestId, StaffId) VALUES (125, 13);
INSERT INTO AssignMaintenanceStaff (RequestId, StaffId) VALUES (126, 180);
INSERT INTO AssignMaintenanceStaff (RequestId, StaffId) VALUES (127, 218);
INSERT INTO AssignMaintenanceStaff (RequestId, StaffId) VALUES (128, 262);
INSERT INTO AssignMaintenanceStaff (RequestId, StaffId) VALUES (129, 14);
INSERT INTO AssignMaintenanceStaff (RequestId, StaffId) VALUES (130, 379);
INSERT INTO AssignMaintenanceStaff (RequestId, StaffId) VALUES (131, 367);
INSERT INTO AssignMaintenanceStaff (RequestId, StaffId) VALUES (132, 224);
INSERT INTO AssignMaintenanceStaff (RequestId, StaffId) VALUES (133, 329);
INSERT INTO AssignMaintenanceStaff (RequestId, StaffId) VALUES (134, 111);
INSERT INTO AssignMaintenanceStaff (RequestId, StaffId) VALUES (135, 312);
INSERT INTO AssignMaintenanceStaff (RequestId, StaffId) VALUES (136, 337);
INSERT INTO AssignMaintenanceStaff (RequestId, StaffId) VALUES (137, 299);
INSERT INTO AssignMaintenanceStaff (RequestId, StaffId) VALUES (138, 224);
INSERT INTO AssignMaintenanceStaff (RequestId, StaffId) VALUES (139, 359);
INSERT INTO AssignMaintenanceStaff (RequestId, StaffId) VALUES (140, 293);
INSERT INTO AssignMaintenanceStaff (RequestId, StaffId) VALUES (141, 256);
INSERT INTO AssignMaintenanceStaff (RequestId, StaffId) VALUES (142, 53);
INSERT INTO AssignMaintenanceStaff (RequestId, StaffId) VALUES (143, 22);
INSERT INTO AssignMaintenanceStaff (RequestId, StaffId) VALUES (144, 154);
INSERT INTO AssignMaintenanceStaff (RequestId, StaffId) VALUES (145, 123);
INSERT INTO AssignMaintenanceStaff (RequestId, StaffId) VALUES (146, 229);
INSERT INTO AssignMaintenanceStaff (RequestId, StaffId) VALUES (147, 202);
INSERT INTO AssignMaintenanceStaff (RequestId, StaffId) VALUES (148, 216);
INSERT INTO AssignMaintenanceStaff (RequestId, StaffId) VALUES (149, 234);
INSERT INTO AssignMaintenanceStaff (RequestId, StaffId) VALUES (150, 162);
INSERT INTO AssignMaintenanceStaff (RequestId, StaffId) VALUES (151, 239);
INSERT INTO AssignMaintenanceStaff (RequestId, StaffId) VALUES (152, 125);
INSERT INTO AssignMaintenanceStaff (RequestId, StaffId) VALUES (153, 385);
INSERT INTO AssignMaintenanceStaff (RequestId, StaffId) VALUES (154, 206);
INSERT INTO AssignMaintenanceStaff (RequestId, StaffId) VALUES (155, 339);
INSERT INTO AssignMaintenanceStaff (RequestId, StaffId) VALUES (156, 56);
INSERT INTO AssignMaintenanceStaff (RequestId, StaffId) VALUES (157, 398);
INSERT INTO AssignMaintenanceStaff (RequestId, StaffId) VALUES (158, 129);
INSERT INTO AssignMaintenanceStaff (RequestId, StaffId) VALUES (159, 83);
INSERT INTO AssignMaintenanceStaff (RequestId, StaffId) VALUES (160, 291);
INSERT INTO AssignMaintenanceStaff (RequestId, StaffId) VALUES (161, 352);
INSERT INTO AssignMaintenanceStaff (RequestId, StaffId) VALUES (162, 235);
INSERT INTO AssignMaintenanceStaff (RequestId, StaffId) VALUES (163, 5);
INSERT INTO AssignMaintenanceStaff (RequestId, StaffId) VALUES (164, 149);
INSERT INTO AssignMaintenanceStaff (RequestId, StaffId) VALUES (165, 22);
INSERT INTO AssignMaintenanceStaff (RequestId, StaffId) VALUES (166, 333);
INSERT INTO AssignMaintenanceStaff (RequestId, StaffId) VALUES (167, 372);
INSERT INTO AssignMaintenanceStaff (RequestId, StaffId) VALUES (168, 128);
INSERT INTO AssignMaintenanceStaff (RequestId, StaffId) VALUES (169, 47);
INSERT INTO AssignMaintenanceStaff (RequestId, StaffId) VALUES (170, 387);
INSERT INTO AssignMaintenanceStaff (RequestId, StaffId) VALUES (171, 164);
INSERT INTO AssignMaintenanceStaff (RequestId, StaffId) VALUES (172, 183);
INSERT INTO AssignMaintenanceStaff (RequestId, StaffId) VALUES (173, 26);
INSERT INTO AssignMaintenanceStaff (RequestId, StaffId) VALUES (174, 24);
INSERT INTO AssignMaintenanceStaff (RequestId, StaffId) VALUES (175, 327);
INSERT INTO AssignMaintenanceStaff (RequestId, StaffId) VALUES (176, 84);
INSERT INTO AssignMaintenanceStaff (RequestId, StaffId) VALUES (177, 310);
INSERT INTO AssignMaintenanceStaff (RequestId, StaffId) VALUES (178, 316);
INSERT INTO AssignMaintenanceStaff (RequestId, StaffId) VALUES (179, 365);
INSERT INTO AssignMaintenanceStaff (RequestId, StaffId) VALUES (180, 336);
INSERT INTO AssignMaintenanceStaff (RequestId, StaffId) VALUES (181, 303);
INSERT INTO AssignMaintenanceStaff (RequestId, StaffId) VALUES (182, 303);
INSERT INTO AssignMaintenanceStaff (RequestId, StaffId) VALUES (183, 86);
INSERT INTO AssignMaintenanceStaff (RequestId, StaffId) VALUES (184, 100);
INSERT INTO AssignMaintenanceStaff (RequestId, StaffId) VALUES (185, 391);
INSERT INTO AssignMaintenanceStaff (RequestId, StaffId) VALUES (186, 266);
INSERT INTO AssignMaintenanceStaff (RequestId, StaffId) VALUES (187, 243);
INSERT INTO AssignMaintenanceStaff (RequestId, StaffId) VALUES (188, 379);
INSERT INTO AssignMaintenanceStaff (RequestId, StaffId) VALUES (189, 26);
INSERT INTO AssignMaintenanceStaff (RequestId, StaffId) VALUES (190, 254);
INSERT INTO AssignMaintenanceStaff (RequestId, StaffId) VALUES (191, 22);
INSERT INTO AssignMaintenanceStaff (RequestId, StaffId) VALUES (192, 340);
INSERT INTO AssignMaintenanceStaff (RequestId, StaffId) VALUES (193, 75);
INSERT INTO AssignMaintenanceStaff (RequestId, StaffId) VALUES (194, 60);
INSERT INTO AssignMaintenanceStaff (RequestId, StaffId) VALUES (195, 218);
INSERT INTO AssignMaintenanceStaff (RequestId, StaffId) VALUES (196, 146);
INSERT INTO AssignMaintenanceStaff (RequestId, StaffId) VALUES (197, 217);
INSERT INTO AssignMaintenanceStaff (RequestId, StaffId) VALUES (198, 3);
INSERT INTO AssignMaintenanceStaff (RequestId, StaffId) VALUES (199, 341);
INSERT INTO AssignMaintenanceStaff (RequestId, StaffId) VALUES (200, 147);
INSERT INTO AssignMaintenanceStaff (RequestId, StaffId) VALUES (201, 145);
INSERT INTO AssignMaintenanceStaff (RequestId, StaffId) VALUES (202, 19);
INSERT INTO AssignMaintenanceStaff (RequestId, StaffId) VALUES (203, 299);
INSERT INTO AssignMaintenanceStaff (RequestId, StaffId) VALUES (204, 29);
INSERT INTO AssignMaintenanceStaff (RequestId, StaffId) VALUES (205, 381);
INSERT INTO AssignMaintenanceStaff (RequestId, StaffId) VALUES (206, 248);
INSERT INTO AssignMaintenanceStaff (RequestId, StaffId) VALUES (207, 16);
INSERT INTO AssignMaintenanceStaff (RequestId, StaffId) VALUES (208, 258);
INSERT INTO AssignMaintenanceStaff (RequestId, StaffId) VALUES (209, 5);
INSERT INTO AssignMaintenanceStaff (RequestId, StaffId) VALUES (210, 240);
INSERT INTO AssignMaintenanceStaff (RequestId, StaffId) VALUES (211, 14);
INSERT INTO AssignMaintenanceStaff (RequestId, StaffId) VALUES (212, 197);
INSERT INTO AssignMaintenanceStaff (RequestId, StaffId) VALUES (213, 243);
INSERT INTO AssignMaintenanceStaff (RequestId, StaffId) VALUES (214, 22);
INSERT INTO AssignMaintenanceStaff (RequestId, StaffId) VALUES (215, 250);
INSERT INTO AssignMaintenanceStaff (RequestId, StaffId) VALUES (216, 145);
INSERT INTO AssignMaintenanceStaff (RequestId, StaffId) VALUES (217, 50);
INSERT INTO AssignMaintenanceStaff (RequestId, StaffId) VALUES (218, 358);
INSERT INTO AssignMaintenanceStaff (RequestId, StaffId) VALUES (219, 10);
INSERT INTO AssignMaintenanceStaff (RequestId, StaffId) VALUES (220, 381);
INSERT INTO AssignMaintenanceStaff (RequestId, StaffId) VALUES (221, 38);
INSERT INTO AssignMaintenanceStaff (RequestId, StaffId) VALUES (222, 166);
INSERT INTO AssignMaintenanceStaff (RequestId, StaffId) VALUES (223, 134);
INSERT INTO AssignMaintenanceStaff (RequestId, StaffId) VALUES (224, 98);
INSERT INTO AssignMaintenanceStaff (RequestId, StaffId) VALUES (225, 43);
INSERT INTO AssignMaintenanceStaff (RequestId, StaffId) VALUES (226, 205);
INSERT INTO AssignMaintenanceStaff (RequestId, StaffId) VALUES (227, 316);
INSERT INTO AssignMaintenanceStaff (RequestId, StaffId) VALUES (228, 269);
INSERT INTO AssignMaintenanceStaff (RequestId, StaffId) VALUES (229, 356);
INSERT INTO AssignMaintenanceStaff (RequestId, StaffId) VALUES (230, 173);
INSERT INTO AssignMaintenanceStaff (RequestId, StaffId) VALUES (231, 348);
INSERT INTO AssignMaintenanceStaff (RequestId, StaffId) VALUES (232, 17);
INSERT INTO AssignMaintenanceStaff (RequestId, StaffId) VALUES (233, 69);
INSERT INTO AssignMaintenanceStaff (RequestId, StaffId) VALUES (234, 265);
INSERT INTO AssignMaintenanceStaff (RequestId, StaffId) VALUES (235, 183);
INSERT INTO AssignMaintenanceStaff (RequestId, StaffId) VALUES (236, 221);
INSERT INTO AssignMaintenanceStaff (RequestId, StaffId) VALUES (237, 344);
INSERT INTO AssignMaintenanceStaff (RequestId, StaffId) VALUES (238, 91);
INSERT INTO AssignMaintenanceStaff (RequestId, StaffId) VALUES (239, 356);
INSERT INTO AssignMaintenanceStaff (RequestId, StaffId) VALUES (240, 134);
INSERT INTO AssignMaintenanceStaff (RequestId, StaffId) VALUES (241, 333);
INSERT INTO AssignMaintenanceStaff (RequestId, StaffId) VALUES (242, 73);
INSERT INTO AssignMaintenanceStaff (RequestId, StaffId) VALUES (243, 164);
INSERT INTO AssignMaintenanceStaff (RequestId, StaffId) VALUES (244, 347);
INSERT INTO AssignMaintenanceStaff (RequestId, StaffId) VALUES (245, 104);
INSERT INTO AssignMaintenanceStaff (RequestId, StaffId) VALUES (246, 356);
INSERT INTO AssignMaintenanceStaff (RequestId, StaffId) VALUES (247, 246);
INSERT INTO AssignMaintenanceStaff (RequestId, StaffId) VALUES (248, 152);
INSERT INTO AssignMaintenanceStaff (RequestId, StaffId) VALUES (249, 220);
INSERT INTO AssignMaintenanceStaff (RequestId, StaffId) VALUES (250, 163);
INSERT INTO AssignMaintenanceStaff (RequestId, StaffId) VALUES (251, 152);
INSERT INTO AssignMaintenanceStaff (RequestId, StaffId) VALUES (252, 233);
INSERT INTO AssignMaintenanceStaff (RequestId, StaffId) VALUES (253, 101);
INSERT INTO AssignMaintenanceStaff (RequestId, StaffId) VALUES (254, 38);
INSERT INTO AssignMaintenanceStaff (RequestId, StaffId) VALUES (255, 41);
INSERT INTO AssignMaintenanceStaff (RequestId, StaffId) VALUES (256, 75);
INSERT INTO AssignMaintenanceStaff (RequestId, StaffId) VALUES (257, 47);
INSERT INTO AssignMaintenanceStaff (RequestId, StaffId) VALUES (258, 235);
INSERT INTO AssignMaintenanceStaff (RequestId, StaffId) VALUES (259, 73);
INSERT INTO AssignMaintenanceStaff (RequestId, StaffId) VALUES (260, 371);
INSERT INTO AssignMaintenanceStaff (RequestId, StaffId) VALUES (261, 353);
INSERT INTO AssignMaintenanceStaff (RequestId, StaffId) VALUES (262, 291);
INSERT INTO AssignMaintenanceStaff (RequestId, StaffId) VALUES (263, 389);
INSERT INTO AssignMaintenanceStaff (RequestId, StaffId) VALUES (264, 125);
INSERT INTO AssignMaintenanceStaff (RequestId, StaffId) VALUES (265, 278);
INSERT INTO AssignMaintenanceStaff (RequestId, StaffId) VALUES (266, 206);
INSERT INTO AssignMaintenanceStaff (RequestId, StaffId) VALUES (267, 113);
INSERT INTO AssignMaintenanceStaff (RequestId, StaffId) VALUES (268, 206);
INSERT INTO AssignMaintenanceStaff (RequestId, StaffId) VALUES (269, 355);
INSERT INTO AssignMaintenanceStaff (RequestId, StaffId) VALUES (270, 346);
INSERT INTO AssignMaintenanceStaff (RequestId, StaffId) VALUES (271, 233);
INSERT INTO AssignMaintenanceStaff (RequestId, StaffId) VALUES (272, 229);
INSERT INTO AssignMaintenanceStaff (RequestId, StaffId) VALUES (273, 202);
INSERT INTO AssignMaintenanceStaff (RequestId, StaffId) VALUES (274, 155);
INSERT INTO AssignMaintenanceStaff (RequestId, StaffId) VALUES (275, 25);
INSERT INTO AssignMaintenanceStaff (RequestId, StaffId) VALUES (276, 206);
INSERT INTO AssignMaintenanceStaff (RequestId, StaffId) VALUES (277, 178);
INSERT INTO AssignMaintenanceStaff (RequestId, StaffId) VALUES (278, 2);
INSERT INTO AssignMaintenanceStaff (RequestId, StaffId) VALUES (279, 282);
INSERT INTO AssignMaintenanceStaff (RequestId, StaffId) VALUES (280, 124);
INSERT INTO AssignMaintenanceStaff (RequestId, StaffId) VALUES (281, 283);
INSERT INTO AssignMaintenanceStaff (RequestId, StaffId) VALUES (282, 284);
INSERT INTO AssignMaintenanceStaff (RequestId, StaffId) VALUES (283, 392);
INSERT INTO AssignMaintenanceStaff (RequestId, StaffId) VALUES (284, 279);
INSERT INTO AssignMaintenanceStaff (RequestId, StaffId) VALUES (285, 25);
INSERT INTO AssignMaintenanceStaff (RequestId, StaffId) VALUES (286, 342);
INSERT INTO AssignMaintenanceStaff (RequestId, StaffId) VALUES (287, 390);
INSERT INTO AssignMaintenanceStaff (RequestId, StaffId) VALUES (288, 41);
INSERT INTO AssignMaintenanceStaff (RequestId, StaffId) VALUES (289, 106);
INSERT INTO AssignMaintenanceStaff (RequestId, StaffId) VALUES (290, 331);
INSERT INTO AssignMaintenanceStaff (RequestId, StaffId) VALUES (291, 18);
INSERT INTO AssignMaintenanceStaff (RequestId, StaffId) VALUES (292, 113);
INSERT INTO AssignMaintenanceStaff (RequestId, StaffId) VALUES (293, 320);
INSERT INTO AssignMaintenanceStaff (RequestId, StaffId) VALUES (294, 223);
INSERT INTO AssignMaintenanceStaff (RequestId, StaffId) VALUES (295, 332);
INSERT INTO AssignMaintenanceStaff (RequestId, StaffId) VALUES (296, 258);
INSERT INTO AssignMaintenanceStaff (RequestId, StaffId) VALUES (297, 266);
INSERT INTO AssignMaintenanceStaff (RequestId, StaffId) VALUES (298, 8);
INSERT INTO AssignMaintenanceStaff (RequestId, StaffId) VALUES (299, 142);
INSERT INTO AssignMaintenanceStaff (RequestId, StaffId) VALUES (300, 126);
INSERT INTO AssignMaintenanceStaff (RequestId, StaffId) VALUES (301, 85);
INSERT INTO AssignMaintenanceStaff (RequestId, StaffId) VALUES (302, 349);
INSERT INTO AssignMaintenanceStaff (RequestId, StaffId) VALUES (303, 318);
INSERT INTO AssignMaintenanceStaff (RequestId, StaffId) VALUES (304, 105);
INSERT INTO AssignMaintenanceStaff (RequestId, StaffId) VALUES (305, 83);
INSERT INTO AssignMaintenanceStaff (RequestId, StaffId) VALUES (306, 42);
INSERT INTO AssignMaintenanceStaff (RequestId, StaffId) VALUES (307, 209);
INSERT INTO AssignMaintenanceStaff (RequestId, StaffId) VALUES (308, 325);
INSERT INTO AssignMaintenanceStaff (RequestId, StaffId) VALUES (309, 206);
INSERT INTO AssignMaintenanceStaff (RequestId, StaffId) VALUES (310, 45);
INSERT INTO AssignMaintenanceStaff (RequestId, StaffId) VALUES (311, 232);
INSERT INTO AssignMaintenanceStaff (RequestId, StaffId) VALUES (312, 234);
INSERT INTO AssignMaintenanceStaff (RequestId, StaffId) VALUES (313, 209);
INSERT INTO AssignMaintenanceStaff (RequestId, StaffId) VALUES (314, 290);
INSERT INTO AssignMaintenanceStaff (RequestId, StaffId) VALUES (315, 64);
INSERT INTO AssignMaintenanceStaff (RequestId, StaffId) VALUES (316, 40);
INSERT INTO AssignMaintenanceStaff (RequestId, StaffId) VALUES (317, 68);
INSERT INTO AssignMaintenanceStaff (RequestId, StaffId) VALUES (318, 233);
INSERT INTO AssignMaintenanceStaff (RequestId, StaffId) VALUES (319, 297);
INSERT INTO AssignMaintenanceStaff (RequestId, StaffId) VALUES (320, 149);
INSERT INTO AssignMaintenanceStaff (RequestId, StaffId) VALUES (321, 383);
INSERT INTO AssignMaintenanceStaff (RequestId, StaffId) VALUES (322, 268);
INSERT INTO AssignMaintenanceStaff (RequestId, StaffId) VALUES (323, 72);
INSERT INTO AssignMaintenanceStaff (RequestId, StaffId) VALUES (324, 222);
INSERT INTO AssignMaintenanceStaff (RequestId, StaffId) VALUES (325, 135);
INSERT INTO AssignMaintenanceStaff (RequestId, StaffId) VALUES (326, 132);
INSERT INTO AssignMaintenanceStaff (RequestId, StaffId) VALUES (327, 325);
INSERT INTO AssignMaintenanceStaff (RequestId, StaffId) VALUES (328, 351);
INSERT INTO AssignMaintenanceStaff (RequestId, StaffId) VALUES (329, 272);
INSERT INTO AssignMaintenanceStaff (RequestId, StaffId) VALUES (330, 274);
INSERT INTO AssignMaintenanceStaff (RequestId, StaffId) VALUES (331, 194);
INSERT INTO AssignMaintenanceStaff (RequestId, StaffId) VALUES (332, 210);
INSERT INTO AssignMaintenanceStaff (RequestId, StaffId) VALUES (333, 90);
INSERT INTO AssignMaintenanceStaff (RequestId, StaffId) VALUES (334, 156);
INSERT INTO AssignMaintenanceStaff (RequestId, StaffId) VALUES (335, 232);
INSERT INTO AssignMaintenanceStaff (RequestId, StaffId) VALUES (336, 321);
INSERT INTO AssignMaintenanceStaff (RequestId, StaffId) VALUES (337, 390);
INSERT INTO AssignMaintenanceStaff (RequestId, StaffId) VALUES (338, 1);
INSERT INTO AssignMaintenanceStaff (RequestId, StaffId) VALUES (339, 78);
INSERT INTO AssignMaintenanceStaff (RequestId, StaffId) VALUES (340, 118);
INSERT INTO AssignMaintenanceStaff (RequestId, StaffId) VALUES (341, 186);
INSERT INTO AssignMaintenanceStaff (RequestId, StaffId) VALUES (342, 53);
INSERT INTO AssignMaintenanceStaff (RequestId, StaffId) VALUES (343, 388);
INSERT INTO AssignMaintenanceStaff (RequestId, StaffId) VALUES (344, 51);
INSERT INTO AssignMaintenanceStaff (RequestId, StaffId) VALUES (345, 350);
INSERT INTO AssignMaintenanceStaff (RequestId, StaffId) VALUES (346, 57);
INSERT INTO AssignMaintenanceStaff (RequestId, StaffId) VALUES (347, 248);
INSERT INTO AssignMaintenanceStaff (RequestId, StaffId) VALUES (348, 344);
INSERT INTO AssignMaintenanceStaff (RequestId, StaffId) VALUES (349, 14);
INSERT INTO AssignMaintenanceStaff (RequestId, StaffId) VALUES (350, 233);
INSERT INTO AssignMaintenanceStaff (RequestId, StaffId) VALUES (351, 83);
INSERT INTO AssignMaintenanceStaff (RequestId, StaffId) VALUES (352, 185);
INSERT INTO AssignMaintenanceStaff (RequestId, StaffId) VALUES (353, 313);
INSERT INTO AssignMaintenanceStaff (RequestId, StaffId) VALUES (354, 90);
INSERT INTO AssignMaintenanceStaff (RequestId, StaffId) VALUES (355, 199);
INSERT INTO AssignMaintenanceStaff (RequestId, StaffId) VALUES (356, 259);
INSERT INTO AssignMaintenanceStaff (RequestId, StaffId) VALUES (357, 324);
INSERT INTO AssignMaintenanceStaff (RequestId, StaffId) VALUES (358, 34);
INSERT INTO AssignMaintenanceStaff (RequestId, StaffId) VALUES (359, 116);
INSERT INTO AssignMaintenanceStaff (RequestId, StaffId) VALUES (360, 290);
INSERT INTO AssignMaintenanceStaff (RequestId, StaffId) VALUES (361, 305);
INSERT INTO AssignMaintenanceStaff (RequestId, StaffId) VALUES (362, 96);
INSERT INTO AssignMaintenanceStaff (RequestId, StaffId) VALUES (363, 33);
INSERT INTO AssignMaintenanceStaff (RequestId, StaffId) VALUES (364, 266);
INSERT INTO AssignMaintenanceStaff (RequestId, StaffId) VALUES (365, 111);
INSERT INTO AssignMaintenanceStaff (RequestId, StaffId) VALUES (366, 176);
INSERT INTO AssignMaintenanceStaff (RequestId, StaffId) VALUES (367, 55);
INSERT INTO AssignMaintenanceStaff (RequestId, StaffId) VALUES (368, 199);
INSERT INTO AssignMaintenanceStaff (RequestId, StaffId) VALUES (369, 228);
INSERT INTO AssignMaintenanceStaff (RequestId, StaffId) VALUES (370, 318);
INSERT INTO AssignMaintenanceStaff (RequestId, StaffId) VALUES (371, 293);
INSERT INTO AssignMaintenanceStaff (RequestId, StaffId) VALUES (372, 328);
INSERT INTO AssignMaintenanceStaff (RequestId, StaffId) VALUES (373, 296);
INSERT INTO AssignMaintenanceStaff (RequestId, StaffId) VALUES (374, 282);
INSERT INTO AssignMaintenanceStaff (RequestId, StaffId) VALUES (375, 356);
INSERT INTO AssignMaintenanceStaff (RequestId, StaffId) VALUES (376, 63);
INSERT INTO AssignMaintenanceStaff (RequestId, StaffId) VALUES (377, 164);
INSERT INTO AssignMaintenanceStaff (RequestId, StaffId) VALUES (378, 366);
INSERT INTO AssignMaintenanceStaff (RequestId, StaffId) VALUES (379, 170);
INSERT INTO AssignMaintenanceStaff (RequestId, StaffId) VALUES (380, 162);
INSERT INTO AssignMaintenanceStaff (RequestId, StaffId) VALUES (381, 372);
INSERT INTO AssignMaintenanceStaff (RequestId, StaffId) VALUES (382, 181);
INSERT INTO AssignMaintenanceStaff (RequestId, StaffId) VALUES (383, 45);
INSERT INTO AssignMaintenanceStaff (RequestId, StaffId) VALUES (384, 183);
INSERT INTO AssignMaintenanceStaff (RequestId, StaffId) VALUES (385, 276);
INSERT INTO AssignMaintenanceStaff (RequestId, StaffId) VALUES (386, 38);
INSERT INTO AssignMaintenanceStaff (RequestId, StaffId) VALUES (387, 132);
INSERT INTO AssignMaintenanceStaff (RequestId, StaffId) VALUES (388, 230);
INSERT INTO AssignMaintenanceStaff (RequestId, StaffId) VALUES (389, 60);
INSERT INTO AssignMaintenanceStaff (RequestId, StaffId) VALUES (390, 323);
INSERT INTO AssignMaintenanceStaff (RequestId, StaffId) VALUES (391, 288);
INSERT INTO AssignMaintenanceStaff (RequestId, StaffId) VALUES (392, 121);
INSERT INTO AssignMaintenanceStaff (RequestId, StaffId) VALUES (393, 357);
INSERT INTO AssignMaintenanceStaff (RequestId, StaffId) VALUES (394, 189);
INSERT INTO AssignMaintenanceStaff (RequestId, StaffId) VALUES (395, 282);
INSERT INTO AssignMaintenanceStaff (RequestId, StaffId) VALUES (396, 42);
INSERT INTO AssignMaintenanceStaff (RequestId, StaffId) VALUES (397, 261);
INSERT INTO AssignMaintenanceStaff (RequestId, StaffId) VALUES (398, 186);
INSERT INTO AssignMaintenanceStaff (RequestId, StaffId) VALUES (399, 59);
INSERT INTO AssignMaintenanceStaff (RequestId, StaffId) VALUES (400, 147);
INSERT INTO MaintenanceInventory (RequestId, UsageId) VALUES (1, 388);
INSERT INTO MaintenanceInventory (RequestId, UsageId) VALUES (2, 295);
INSERT INTO MaintenanceInventory (RequestId, UsageId) VALUES (3, 310);
INSERT INTO MaintenanceInventory (RequestId, UsageId) VALUES (4, 398);
INSERT INTO MaintenanceInventory (RequestId, UsageId) VALUES (5, 219);
INSERT INTO MaintenanceInventory (RequestId, UsageId) VALUES (6, 192);
INSERT INTO MaintenanceInventory (RequestId, UsageId) VALUES (7, 346);
INSERT INTO MaintenanceInventory (RequestId, UsageId) VALUES (8, 5);
INSERT INTO MaintenanceInventory (RequestId, UsageId) VALUES (9, 362);
INSERT INTO MaintenanceInventory (RequestId, UsageId) VALUES (10, 288);
INSERT INTO MaintenanceInventory (RequestId, UsageId) VALUES (11, 77);
INSERT INTO MaintenanceInventory (RequestId, UsageId) VALUES (12, 391);
INSERT INTO MaintenanceInventory (RequestId, UsageId) VALUES (13, 88);
INSERT INTO MaintenanceInventory (RequestId, UsageId) VALUES (14, 205);
INSERT INTO MaintenanceInventory (RequestId, UsageId) VALUES (15, 164);
INSERT INTO MaintenanceInventory (RequestId, UsageId) VALUES (16, 332);
INSERT INTO MaintenanceInventory (RequestId, UsageId) VALUES (17, 328);
INSERT INTO MaintenanceInventory (RequestId, UsageId) VALUES (18, 143);
INSERT INTO MaintenanceInventory (RequestId, UsageId) VALUES (19, 125);
INSERT INTO MaintenanceInventory (RequestId, UsageId) VALUES (20, 145);
INSERT INTO MaintenanceInventory (RequestId, UsageId) VALUES (21, 53);
INSERT INTO MaintenanceInventory (RequestId, UsageId) VALUES (22, 152);
INSERT INTO MaintenanceInventory (RequestId, UsageId) VALUES (23, 92);
INSERT INTO MaintenanceInventory (RequestId, UsageId) VALUES (24, 241);
INSERT INTO MaintenanceInventory (RequestId, UsageId) VALUES (25, 367);
INSERT INTO MaintenanceInventory (RequestId, UsageId) VALUES (26, 278);
INSERT INTO MaintenanceInventory (RequestId, UsageId) VALUES (27, 95);
INSERT INTO MaintenanceInventory (RequestId, UsageId) VALUES (28, 91);
INSERT INTO MaintenanceInventory (RequestId, UsageId) VALUES (29, 150);
INSERT INTO MaintenanceInventory (RequestId, UsageId) VALUES (30, 153);
INSERT INTO MaintenanceInventory (RequestId, UsageId) VALUES (31, 300);
INSERT INTO MaintenanceInventory (RequestId, UsageId) VALUES (32, 35);
INSERT INTO MaintenanceInventory (RequestId, UsageId) VALUES (33, 362);
INSERT INTO MaintenanceInventory (RequestId, UsageId) VALUES (34, 256);
INSERT INTO MaintenanceInventory (RequestId, UsageId) VALUES (35, 210);
INSERT INTO MaintenanceInventory (RequestId, UsageId) VALUES (36, 170);
INSERT INTO MaintenanceInventory (RequestId, UsageId) VALUES (37, 56);
INSERT INTO MaintenanceInventory (RequestId, UsageId) VALUES (38, 321);
INSERT INTO MaintenanceInventory (RequestId, UsageId) VALUES (39, 5);
INSERT INTO MaintenanceInventory (RequestId, UsageId) VALUES (40, 361);
INSERT INTO MaintenanceInventory (RequestId, UsageId) VALUES (41, 136);
INSERT INTO MaintenanceInventory (RequestId, UsageId) VALUES (42, 277);
INSERT INTO MaintenanceInventory (RequestId, UsageId) VALUES (43, 107);
INSERT INTO MaintenanceInventory (RequestId, UsageId) VALUES (44, 374);
INSERT INTO MaintenanceInventory (RequestId, UsageId) VALUES (45, 381);
INSERT INTO MaintenanceInventory (RequestId, UsageId) VALUES (46, 247);
INSERT INTO MaintenanceInventory (RequestId, UsageId) VALUES (47, 299);
INSERT INTO MaintenanceInventory (RequestId, UsageId) VALUES (48, 239);
INSERT INTO MaintenanceInventory (RequestId, UsageId) VALUES (49, 209);
INSERT INTO MaintenanceInventory (RequestId, UsageId) VALUES (50, 345);
INSERT INTO MaintenanceInventory (RequestId, UsageId) VALUES (51, 298);
INSERT INTO MaintenanceInventory (RequestId, UsageId) VALUES (52, 59);
INSERT INTO MaintenanceInventory (RequestId, UsageId) VALUES (53, 88);
INSERT INTO MaintenanceInventory (RequestId, UsageId) VALUES (54, 12);
INSERT INTO MaintenanceInventory (RequestId, UsageId) VALUES (55, 277);
INSERT INTO MaintenanceInventory (RequestId, UsageId) VALUES (56, 125);
INSERT INTO MaintenanceInventory (RequestId, UsageId) VALUES (57, 398);
INSERT INTO MaintenanceInventory (RequestId, UsageId) VALUES (58, 148);
INSERT INTO MaintenanceInventory (RequestId, UsageId) VALUES (59, 331);
INSERT INTO MaintenanceInventory (RequestId, UsageId) VALUES (60, 79);
INSERT INTO MaintenanceInventory (RequestId, UsageId) VALUES (61, 282);
INSERT INTO MaintenanceInventory (RequestId, UsageId) VALUES (62, 48);
INSERT INTO MaintenanceInventory (RequestId, UsageId) VALUES (63, 320);
INSERT INTO MaintenanceInventory (RequestId, UsageId) VALUES (64, 132);
INSERT INTO MaintenanceInventory (RequestId, UsageId) VALUES (65, 86);
INSERT INTO MaintenanceInventory (RequestId, UsageId) VALUES (66, 100);
INSERT INTO MaintenanceInventory (RequestId, UsageId) VALUES (67, 110);
INSERT INTO MaintenanceInventory (RequestId, UsageId) VALUES (68, 315);
INSERT INTO MaintenanceInventory (RequestId, UsageId) VALUES (69, 17);
INSERT INTO MaintenanceInventory (RequestId, UsageId) VALUES (70, 271);
INSERT INTO MaintenanceInventory (RequestId, UsageId) VALUES (71, 277);
INSERT INTO MaintenanceInventory (RequestId, UsageId) VALUES (72, 392);
INSERT INTO MaintenanceInventory (RequestId, UsageId) VALUES (73, 188);
INSERT INTO MaintenanceInventory (RequestId, UsageId) VALUES (74, 196);
INSERT INTO MaintenanceInventory (RequestId, UsageId) VALUES (75, 135);
INSERT INTO MaintenanceInventory (RequestId, UsageId) VALUES (76, 195);
INSERT INTO MaintenanceInventory (RequestId, UsageId) VALUES (77, 175);
INSERT INTO MaintenanceInventory (RequestId, UsageId) VALUES (78, 256);
INSERT INTO MaintenanceInventory (RequestId, UsageId) VALUES (79, 162);
INSERT INTO MaintenanceInventory (RequestId, UsageId) VALUES (80, 24);
INSERT INTO MaintenanceInventory (RequestId, UsageId) VALUES (81, 360);
INSERT INTO MaintenanceInventory (RequestId, UsageId) VALUES (82, 202);
INSERT INTO MaintenanceInventory (RequestId, UsageId) VALUES (83, 377);
INSERT INTO MaintenanceInventory (RequestId, UsageId) VALUES (84, 345);
INSERT INTO MaintenanceInventory (RequestId, UsageId) VALUES (85, 112);
INSERT INTO MaintenanceInventory (RequestId, UsageId) VALUES (86, 251);
INSERT INTO MaintenanceInventory (RequestId, UsageId) VALUES (87, 297);
INSERT INTO MaintenanceInventory (RequestId, UsageId) VALUES (88, 139);
INSERT INTO MaintenanceInventory (RequestId, UsageId) VALUES (89, 158);
INSERT INTO MaintenanceInventory (RequestId, UsageId) VALUES (90, 399);
INSERT INTO MaintenanceInventory (RequestId, UsageId) VALUES (91, 344);
INSERT INTO MaintenanceInventory (RequestId, UsageId) VALUES (92, 238);
INSERT INTO MaintenanceInventory (RequestId, UsageId) VALUES (93, 124);
INSERT INTO MaintenanceInventory (RequestId, UsageId) VALUES (94, 290);
INSERT INTO MaintenanceInventory (RequestId, UsageId) VALUES (95, 217);
INSERT INTO MaintenanceInventory (RequestId, UsageId) VALUES (96, 318);
INSERT INTO MaintenanceInventory (RequestId, UsageId) VALUES (97, 216);
INSERT INTO MaintenanceInventory (RequestId, UsageId) VALUES (98, 234);
INSERT INTO MaintenanceInventory (RequestId, UsageId) VALUES (99, 48);
INSERT INTO MaintenanceInventory (RequestId, UsageId) VALUES (100, 347);
INSERT INTO MaintenanceInventory (RequestId, UsageId) VALUES (101, 393);
INSERT INTO MaintenanceInventory (RequestId, UsageId) VALUES (102, 212);
INSERT INTO MaintenanceInventory (RequestId, UsageId) VALUES (103, 76);
INSERT INTO MaintenanceInventory (RequestId, UsageId) VALUES (104, 392);
INSERT INTO MaintenanceInventory (RequestId, UsageId) VALUES (105, 68);
INSERT INTO MaintenanceInventory (RequestId, UsageId) VALUES (106, 243);
INSERT INTO MaintenanceInventory (RequestId, UsageId) VALUES (107, 37);
INSERT INTO MaintenanceInventory (RequestId, UsageId) VALUES (108, 269);
INSERT INTO MaintenanceInventory (RequestId, UsageId) VALUES (109, 66);
INSERT INTO MaintenanceInventory (RequestId, UsageId) VALUES (110, 271);
INSERT INTO MaintenanceInventory (RequestId, UsageId) VALUES (111, 23);
INSERT INTO MaintenanceInventory (RequestId, UsageId) VALUES (112, 12);
INSERT INTO MaintenanceInventory (RequestId, UsageId) VALUES (113, 318);
INSERT INTO MaintenanceInventory (RequestId, UsageId) VALUES (114, 106);
INSERT INTO MaintenanceInventory (RequestId, UsageId) VALUES (115, 110);
INSERT INTO MaintenanceInventory (RequestId, UsageId) VALUES (116, 351);
INSERT INTO MaintenanceInventory (RequestId, UsageId) VALUES (117, 383);
INSERT INTO MaintenanceInventory (RequestId, UsageId) VALUES (118, 165);
INSERT INTO MaintenanceInventory (RequestId, UsageId) VALUES (119, 89);
INSERT INTO MaintenanceInventory (RequestId, UsageId) VALUES (120, 318);
INSERT INTO MaintenanceInventory (RequestId, UsageId) VALUES (121, 249);
INSERT INTO MaintenanceInventory (RequestId, UsageId) VALUES (122, 247);
INSERT INTO MaintenanceInventory (RequestId, UsageId) VALUES (123, 37);
INSERT INTO MaintenanceInventory (RequestId, UsageId) VALUES (124, 278);
INSERT INTO MaintenanceInventory (RequestId, UsageId) VALUES (125, 365);
INSERT INTO MaintenanceInventory (RequestId, UsageId) VALUES (126, 231);
INSERT INTO MaintenanceInventory (RequestId, UsageId) VALUES (127, 77);
INSERT INTO MaintenanceInventory (RequestId, UsageId) VALUES (128, 158);
INSERT INTO MaintenanceInventory (RequestId, UsageId) VALUES (129, 265);
INSERT INTO MaintenanceInventory (RequestId, UsageId) VALUES (130, 338);
INSERT INTO MaintenanceInventory (RequestId, UsageId) VALUES (131, 148);
INSERT INTO MaintenanceInventory (RequestId, UsageId) VALUES (132, 115);
INSERT INTO MaintenanceInventory (RequestId, UsageId) VALUES (133, 141);
INSERT INTO MaintenanceInventory (RequestId, UsageId) VALUES (134, 243);
INSERT INTO MaintenanceInventory (RequestId, UsageId) VALUES (135, 7);
INSERT INTO MaintenanceInventory (RequestId, UsageId) VALUES (136, 33);
INSERT INTO MaintenanceInventory (RequestId, UsageId) VALUES (137, 112);
INSERT INTO MaintenanceInventory (RequestId, UsageId) VALUES (138, 130);
INSERT INTO MaintenanceInventory (RequestId, UsageId) VALUES (139, 323);
INSERT INTO MaintenanceInventory (RequestId, UsageId) VALUES (140, 69);
INSERT INTO MaintenanceInventory (RequestId, UsageId) VALUES (141, 308);
INSERT INTO MaintenanceInventory (RequestId, UsageId) VALUES (142, 299);
INSERT INTO MaintenanceInventory (RequestId, UsageId) VALUES (143, 165);
INSERT INTO MaintenanceInventory (RequestId, UsageId) VALUES (144, 113);
INSERT INTO MaintenanceInventory (RequestId, UsageId) VALUES (145, 144);
INSERT INTO MaintenanceInventory (RequestId, UsageId) VALUES (146, 360);
INSERT INTO MaintenanceInventory (RequestId, UsageId) VALUES (147, 398);
INSERT INTO MaintenanceInventory (RequestId, UsageId) VALUES (148, 312);
INSERT INTO MaintenanceInventory (RequestId, UsageId) VALUES (149, 140);
INSERT INTO MaintenanceInventory (RequestId, UsageId) VALUES (150, 15);
INSERT INTO MaintenanceInventory (RequestId, UsageId) VALUES (151, 51);
INSERT INTO MaintenanceInventory (RequestId, UsageId) VALUES (152, 70);
INSERT INTO MaintenanceInventory (RequestId, UsageId) VALUES (153, 343);
INSERT INTO MaintenanceInventory (RequestId, UsageId) VALUES (154, 140);
INSERT INTO MaintenanceInventory (RequestId, UsageId) VALUES (155, 216);
INSERT INTO MaintenanceInventory (RequestId, UsageId) VALUES (156, 338);
INSERT INTO MaintenanceInventory (RequestId, UsageId) VALUES (157, 384);
INSERT INTO MaintenanceInventory (RequestId, UsageId) VALUES (158, 352);
INSERT INTO MaintenanceInventory (RequestId, UsageId) VALUES (159, 148);
INSERT INTO MaintenanceInventory (RequestId, UsageId) VALUES (160, 191);
INSERT INTO MaintenanceInventory (RequestId, UsageId) VALUES (161, 367);
INSERT INTO MaintenanceInventory (RequestId, UsageId) VALUES (162, 316);
INSERT INTO MaintenanceInventory (RequestId, UsageId) VALUES (163, 381);
INSERT INTO MaintenanceInventory (RequestId, UsageId) VALUES (164, 92);
INSERT INTO MaintenanceInventory (RequestId, UsageId) VALUES (165, 56);
INSERT INTO MaintenanceInventory (RequestId, UsageId) VALUES (166, 42);
INSERT INTO MaintenanceInventory (RequestId, UsageId) VALUES (167, 255);
INSERT INTO MaintenanceInventory (RequestId, UsageId) VALUES (168, 354);
INSERT INTO MaintenanceInventory (RequestId, UsageId) VALUES (169, 257);
INSERT INTO MaintenanceInventory (RequestId, UsageId) VALUES (170, 7);
INSERT INTO MaintenanceInventory (RequestId, UsageId) VALUES (171, 287);
INSERT INTO MaintenanceInventory (RequestId, UsageId) VALUES (172, 370);
INSERT INTO MaintenanceInventory (RequestId, UsageId) VALUES (173, 42);
INSERT INTO MaintenanceInventory (RequestId, UsageId) VALUES (174, 275);
INSERT INTO MaintenanceInventory (RequestId, UsageId) VALUES (175, 164);
INSERT INTO MaintenanceInventory (RequestId, UsageId) VALUES (176, 56);
INSERT INTO MaintenanceInventory (RequestId, UsageId) VALUES (177, 76);
INSERT INTO MaintenanceInventory (RequestId, UsageId) VALUES (178, 391);
INSERT INTO MaintenanceInventory (RequestId, UsageId) VALUES (179, 10);
INSERT INTO MaintenanceInventory (RequestId, UsageId) VALUES (180, 324);
INSERT INTO MaintenanceInventory (RequestId, UsageId) VALUES (181, 253);
INSERT INTO MaintenanceInventory (RequestId, UsageId) VALUES (182, 42);
INSERT INTO MaintenanceInventory (RequestId, UsageId) VALUES (183, 250);
INSERT INTO MaintenanceInventory (RequestId, UsageId) VALUES (184, 138);
INSERT INTO MaintenanceInventory (RequestId, UsageId) VALUES (185, 155);
INSERT INTO MaintenanceInventory (RequestId, UsageId) VALUES (186, 366);
INSERT INTO MaintenanceInventory (RequestId, UsageId) VALUES (187, 67);
INSERT INTO MaintenanceInventory (RequestId, UsageId) VALUES (188, 157);
INSERT INTO MaintenanceInventory (RequestId, UsageId) VALUES (189, 397);
INSERT INTO MaintenanceInventory (RequestId, UsageId) VALUES (190, 224);
INSERT INTO MaintenanceInventory (RequestId, UsageId) VALUES (191, 151);
INSERT INTO MaintenanceInventory (RequestId, UsageId) VALUES (192, 328);
INSERT INTO MaintenanceInventory (RequestId, UsageId) VALUES (193, 106);
INSERT INTO MaintenanceInventory (RequestId, UsageId) VALUES (194, 35);
INSERT INTO MaintenanceInventory (RequestId, UsageId) VALUES (195, 87);
INSERT INTO MaintenanceInventory (RequestId, UsageId) VALUES (196, 23);
INSERT INTO MaintenanceInventory (RequestId, UsageId) VALUES (197, 35);
INSERT INTO MaintenanceInventory (RequestId, UsageId) VALUES (198, 248);
INSERT INTO MaintenanceInventory (RequestId, UsageId) VALUES (199, 188);
INSERT INTO MaintenanceInventory (RequestId, UsageId) VALUES (200, 270);
INSERT INTO MaintenanceInventory (RequestId, UsageId) VALUES (201, 188);
INSERT INTO MaintenanceInventory (RequestId, UsageId) VALUES (202, 257);
INSERT INTO MaintenanceInventory (RequestId, UsageId) VALUES (203, 152);
INSERT INTO MaintenanceInventory (RequestId, UsageId) VALUES (204, 151);
INSERT INTO MaintenanceInventory (RequestId, UsageId) VALUES (205, 239);
INSERT INTO MaintenanceInventory (RequestId, UsageId) VALUES (206, 61);
INSERT INTO MaintenanceInventory (RequestId, UsageId) VALUES (207, 54);
INSERT INTO MaintenanceInventory (RequestId, UsageId) VALUES (208, 76);
INSERT INTO MaintenanceInventory (RequestId, UsageId) VALUES (209, 46);
INSERT INTO MaintenanceInventory (RequestId, UsageId) VALUES (210, 136);
INSERT INTO MaintenanceInventory (RequestId, UsageId) VALUES (211, 77);
INSERT INTO MaintenanceInventory (RequestId, UsageId) VALUES (212, 153);
INSERT INTO MaintenanceInventory (RequestId, UsageId) VALUES (213, 98);
INSERT INTO MaintenanceInventory (RequestId, UsageId) VALUES (214, 279);
INSERT INTO MaintenanceInventory (RequestId, UsageId) VALUES (215, 110);
INSERT INTO MaintenanceInventory (RequestId, UsageId) VALUES (216, 56);
INSERT INTO MaintenanceInventory (RequestId, UsageId) VALUES (217, 145);
INSERT INTO MaintenanceInventory (RequestId, UsageId) VALUES (218, 97);
INSERT INTO MaintenanceInventory (RequestId, UsageId) VALUES (219, 365);
INSERT INTO MaintenanceInventory (RequestId, UsageId) VALUES (220, 174);
INSERT INTO MaintenanceInventory (RequestId, UsageId) VALUES (221, 282);
INSERT INTO MaintenanceInventory (RequestId, UsageId) VALUES (222, 207);
INSERT INTO MaintenanceInventory (RequestId, UsageId) VALUES (223, 362);
INSERT INTO MaintenanceInventory (RequestId, UsageId) VALUES (224, 194);
INSERT INTO MaintenanceInventory (RequestId, UsageId) VALUES (225, 10);
INSERT INTO MaintenanceInventory (RequestId, UsageId) VALUES (226, 304);
INSERT INTO MaintenanceInventory (RequestId, UsageId) VALUES (227, 142);
INSERT INTO MaintenanceInventory (RequestId, UsageId) VALUES (228, 94);
INSERT INTO MaintenanceInventory (RequestId, UsageId) VALUES (229, 264);
INSERT INTO MaintenanceInventory (RequestId, UsageId) VALUES (230, 30);
INSERT INTO MaintenanceInventory (RequestId, UsageId) VALUES (231, 21);
INSERT INTO MaintenanceInventory (RequestId, UsageId) VALUES (232, 232);
INSERT INTO MaintenanceInventory (RequestId, UsageId) VALUES (233, 182);
INSERT INTO MaintenanceInventory (RequestId, UsageId) VALUES (234, 186);
INSERT INTO MaintenanceInventory (RequestId, UsageId) VALUES (235, 359);
INSERT INTO MaintenanceInventory (RequestId, UsageId) VALUES (236, 107);
INSERT INTO MaintenanceInventory (RequestId, UsageId) VALUES (237, 355);
INSERT INTO MaintenanceInventory (RequestId, UsageId) VALUES (238, 125);
INSERT INTO MaintenanceInventory (RequestId, UsageId) VALUES (239, 325);
INSERT INTO MaintenanceInventory (RequestId, UsageId) VALUES (240, 324);
INSERT INTO MaintenanceInventory (RequestId, UsageId) VALUES (241, 301);
INSERT INTO MaintenanceInventory (RequestId, UsageId) VALUES (242, 386);
INSERT INTO MaintenanceInventory (RequestId, UsageId) VALUES (243, 148);
INSERT INTO MaintenanceInventory (RequestId, UsageId) VALUES (244, 61);
INSERT INTO MaintenanceInventory (RequestId, UsageId) VALUES (245, 7);
INSERT INTO MaintenanceInventory (RequestId, UsageId) VALUES (246, 26);
INSERT INTO MaintenanceInventory (RequestId, UsageId) VALUES (247, 80);
INSERT INTO MaintenanceInventory (RequestId, UsageId) VALUES (248, 157);
INSERT INTO MaintenanceInventory (RequestId, UsageId) VALUES (249, 342);
INSERT INTO MaintenanceInventory (RequestId, UsageId) VALUES (250, 20);
INSERT INTO MaintenanceInventory (RequestId, UsageId) VALUES (251, 321);
INSERT INTO MaintenanceInventory (RequestId, UsageId) VALUES (252, 164);
INSERT INTO MaintenanceInventory (RequestId, UsageId) VALUES (253, 317);
INSERT INTO MaintenanceInventory (RequestId, UsageId) VALUES (254, 129);
INSERT INTO MaintenanceInventory (RequestId, UsageId) VALUES (255, 183);
INSERT INTO MaintenanceInventory (RequestId, UsageId) VALUES (256, 280);
INSERT INTO MaintenanceInventory (RequestId, UsageId) VALUES (257, 43);
INSERT INTO MaintenanceInventory (RequestId, UsageId) VALUES (258, 313);
INSERT INTO MaintenanceInventory (RequestId, UsageId) VALUES (259, 152);
INSERT INTO MaintenanceInventory (RequestId, UsageId) VALUES (260, 26);
INSERT INTO MaintenanceInventory (RequestId, UsageId) VALUES (261, 382);
INSERT INTO MaintenanceInventory (RequestId, UsageId) VALUES (262, 179);
INSERT INTO MaintenanceInventory (RequestId, UsageId) VALUES (263, 323);
INSERT INTO MaintenanceInventory (RequestId, UsageId) VALUES (264, 235);
INSERT INTO MaintenanceInventory (RequestId, UsageId) VALUES (265, 143);
INSERT INTO MaintenanceInventory (RequestId, UsageId) VALUES (266, 315);
INSERT INTO MaintenanceInventory (RequestId, UsageId) VALUES (267, 74);
INSERT INTO MaintenanceInventory (RequestId, UsageId) VALUES (268, 22);
INSERT INTO MaintenanceInventory (RequestId, UsageId) VALUES (269, 184);
INSERT INTO MaintenanceInventory (RequestId, UsageId) VALUES (270, 24);
INSERT INTO MaintenanceInventory (RequestId, UsageId) VALUES (271, 195);
INSERT INTO MaintenanceInventory (RequestId, UsageId) VALUES (272, 53);
INSERT INTO MaintenanceInventory (RequestId, UsageId) VALUES (273, 387);
INSERT INTO MaintenanceInventory (RequestId, UsageId) VALUES (274, 297);
INSERT INTO MaintenanceInventory (RequestId, UsageId) VALUES (275, 109);
INSERT INTO MaintenanceInventory (RequestId, UsageId) VALUES (276, 128);
INSERT INTO MaintenanceInventory (RequestId, UsageId) VALUES (277, 269);
INSERT INTO MaintenanceInventory (RequestId, UsageId) VALUES (278, 274);
INSERT INTO MaintenanceInventory (RequestId, UsageId) VALUES (279, 391);
INSERT INTO MaintenanceInventory (RequestId, UsageId) VALUES (280, 33);
INSERT INTO MaintenanceInventory (RequestId, UsageId) VALUES (281, 234);
INSERT INTO MaintenanceInventory (RequestId, UsageId) VALUES (282, 396);
INSERT INTO MaintenanceInventory (RequestId, UsageId) VALUES (283, 321);
INSERT INTO MaintenanceInventory (RequestId, UsageId) VALUES (284, 267);
INSERT INTO MaintenanceInventory (RequestId, UsageId) VALUES (285, 138);
INSERT INTO MaintenanceInventory (RequestId, UsageId) VALUES (286, 372);
INSERT INTO MaintenanceInventory (RequestId, UsageId) VALUES (287, 50);
INSERT INTO MaintenanceInventory (RequestId, UsageId) VALUES (288, 319);
INSERT INTO MaintenanceInventory (RequestId, UsageId) VALUES (289, 162);
INSERT INTO MaintenanceInventory (RequestId, UsageId) VALUES (290, 398);
INSERT INTO MaintenanceInventory (RequestId, UsageId) VALUES (291, 276);
INSERT INTO MaintenanceInventory (RequestId, UsageId) VALUES (292, 284);
INSERT INTO MaintenanceInventory (RequestId, UsageId) VALUES (293, 242);
INSERT INTO MaintenanceInventory (RequestId, UsageId) VALUES (294, 138);
INSERT INTO MaintenanceInventory (RequestId, UsageId) VALUES (295, 323);
INSERT INTO MaintenanceInventory (RequestId, UsageId) VALUES (296, 368);
INSERT INTO MaintenanceInventory (RequestId, UsageId) VALUES (297, 67);
INSERT INTO MaintenanceInventory (RequestId, UsageId) VALUES (298, 80);
INSERT INTO MaintenanceInventory (RequestId, UsageId) VALUES (299, 305);
INSERT INTO MaintenanceInventory (RequestId, UsageId) VALUES (300, 26);
INSERT INTO MaintenanceInventory (RequestId, UsageId) VALUES (301, 290);
INSERT INTO MaintenanceInventory (RequestId, UsageId) VALUES (302, 394);
INSERT INTO MaintenanceInventory (RequestId, UsageId) VALUES (303, 88);
INSERT INTO MaintenanceInventory (RequestId, UsageId) VALUES (304, 351);
INSERT INTO MaintenanceInventory (RequestId, UsageId) VALUES (305, 209);
INSERT INTO MaintenanceInventory (RequestId, UsageId) VALUES (306, 334);
INSERT INTO MaintenanceInventory (RequestId, UsageId) VALUES (307, 224);
INSERT INTO MaintenanceInventory (RequestId, UsageId) VALUES (308, 371);
INSERT INTO MaintenanceInventory (RequestId, UsageId) VALUES (309, 299);
INSERT INTO MaintenanceInventory (RequestId, UsageId) VALUES (310, 204);
INSERT INTO MaintenanceInventory (RequestId, UsageId) VALUES (311, 273);
INSERT INTO MaintenanceInventory (RequestId, UsageId) VALUES (312, 368);
INSERT INTO MaintenanceInventory (RequestId, UsageId) VALUES (313, 71);
INSERT INTO MaintenanceInventory (RequestId, UsageId) VALUES (314, 108);
INSERT INTO MaintenanceInventory (RequestId, UsageId) VALUES (315, 69);
INSERT INTO MaintenanceInventory (RequestId, UsageId) VALUES (316, 93);
INSERT INTO MaintenanceInventory (RequestId, UsageId) VALUES (317, 350);
INSERT INTO MaintenanceInventory (RequestId, UsageId) VALUES (318, 288);
INSERT INTO MaintenanceInventory (RequestId, UsageId) VALUES (319, 106);
INSERT INTO MaintenanceInventory (RequestId, UsageId) VALUES (320, 292);
INSERT INTO MaintenanceInventory (RequestId, UsageId) VALUES (321, 119);
INSERT INTO MaintenanceInventory (RequestId, UsageId) VALUES (322, 340);
INSERT INTO MaintenanceInventory (RequestId, UsageId) VALUES (323, 211);
INSERT INTO MaintenanceInventory (RequestId, UsageId) VALUES (324, 151);
INSERT INTO MaintenanceInventory (RequestId, UsageId) VALUES (325, 251);
INSERT INTO MaintenanceInventory (RequestId, UsageId) VALUES (326, 299);
INSERT INTO MaintenanceInventory (RequestId, UsageId) VALUES (327, 358);
INSERT INTO MaintenanceInventory (RequestId, UsageId) VALUES (328, 5);
INSERT INTO MaintenanceInventory (RequestId, UsageId) VALUES (329, 5);
INSERT INTO MaintenanceInventory (RequestId, UsageId) VALUES (330, 327);
INSERT INTO MaintenanceInventory (RequestId, UsageId) VALUES (331, 309);
INSERT INTO MaintenanceInventory (RequestId, UsageId) VALUES (332, 228);
INSERT INTO MaintenanceInventory (RequestId, UsageId) VALUES (333, 371);
INSERT INTO MaintenanceInventory (RequestId, UsageId) VALUES (334, 305);
INSERT INTO MaintenanceInventory (RequestId, UsageId) VALUES (335, 130);
INSERT INTO MaintenanceInventory (RequestId, UsageId) VALUES (336, 173);
INSERT INTO MaintenanceInventory (RequestId, UsageId) VALUES (337, 127);
INSERT INTO MaintenanceInventory (RequestId, UsageId) VALUES (338, 165);
INSERT INTO MaintenanceInventory (RequestId, UsageId) VALUES (339, 195);
INSERT INTO MaintenanceInventory (RequestId, UsageId) VALUES (340, 220);
INSERT INTO MaintenanceInventory (RequestId, UsageId) VALUES (341, 31);
INSERT INTO MaintenanceInventory (RequestId, UsageId) VALUES (342, 387);
INSERT INTO MaintenanceInventory (RequestId, UsageId) VALUES (343, 24);
INSERT INTO MaintenanceInventory (RequestId, UsageId) VALUES (344, 92);
INSERT INTO MaintenanceInventory (RequestId, UsageId) VALUES (345, 38);
INSERT INTO MaintenanceInventory (RequestId, UsageId) VALUES (346, 390);
INSERT INTO MaintenanceInventory (RequestId, UsageId) VALUES (347, 239);
INSERT INTO MaintenanceInventory (RequestId, UsageId) VALUES (348, 330);
INSERT INTO MaintenanceInventory (RequestId, UsageId) VALUES (349, 260);
INSERT INTO MaintenanceInventory (RequestId, UsageId) VALUES (350, 236);
INSERT INTO MaintenanceInventory (RequestId, UsageId) VALUES (351, 219);
INSERT INTO MaintenanceInventory (RequestId, UsageId) VALUES (352, 212);
INSERT INTO MaintenanceInventory (RequestId, UsageId) VALUES (353, 70);
INSERT INTO MaintenanceInventory (RequestId, UsageId) VALUES (354, 149);
INSERT INTO MaintenanceInventory (RequestId, UsageId) VALUES (355, 326);
INSERT INTO MaintenanceInventory (RequestId, UsageId) VALUES (356, 204);
INSERT INTO MaintenanceInventory (RequestId, UsageId) VALUES (357, 290);
INSERT INTO MaintenanceInventory (RequestId, UsageId) VALUES (358, 84);
INSERT INTO MaintenanceInventory (RequestId, UsageId) VALUES (359, 239);
INSERT INTO MaintenanceInventory (RequestId, UsageId) VALUES (360, 93);
INSERT INTO MaintenanceInventory (RequestId, UsageId) VALUES (361, 149);
INSERT INTO MaintenanceInventory (RequestId, UsageId) VALUES (362, 246);
INSERT INTO MaintenanceInventory (RequestId, UsageId) VALUES (363, 18);
INSERT INTO MaintenanceInventory (RequestId, UsageId) VALUES (364, 26);
INSERT INTO MaintenanceInventory (RequestId, UsageId) VALUES (365, 336);
INSERT INTO MaintenanceInventory (RequestId, UsageId) VALUES (366, 22);
INSERT INTO MaintenanceInventory (RequestId, UsageId) VALUES (367, 399);
INSERT INTO MaintenanceInventory (RequestId, UsageId) VALUES (368, 364);
INSERT INTO MaintenanceInventory (RequestId, UsageId) VALUES (369, 250);
INSERT INTO MaintenanceInventory (RequestId, UsageId) VALUES (370, 113);
INSERT INTO MaintenanceInventory (RequestId, UsageId) VALUES (371, 65);
INSERT INTO MaintenanceInventory (RequestId, UsageId) VALUES (372, 204);
INSERT INTO MaintenanceInventory (RequestId, UsageId) VALUES (373, 357);
INSERT INTO MaintenanceInventory (RequestId, UsageId) VALUES (374, 372);
INSERT INTO MaintenanceInventory (RequestId, UsageId) VALUES (375, 346);
INSERT INTO MaintenanceInventory (RequestId, UsageId) VALUES (376, 16);
INSERT INTO MaintenanceInventory (RequestId, UsageId) VALUES (377, 179);
INSERT INTO MaintenanceInventory (RequestId, UsageId) VALUES (378, 137);
INSERT INTO MaintenanceInventory (RequestId, UsageId) VALUES (379, 129);
INSERT INTO MaintenanceInventory (RequestId, UsageId) VALUES (380, 143);
INSERT INTO MaintenanceInventory (RequestId, UsageId) VALUES (381, 280);
INSERT INTO MaintenanceInventory (RequestId, UsageId) VALUES (382, 43);
INSERT INTO MaintenanceInventory (RequestId, UsageId) VALUES (383, 226);
INSERT INTO MaintenanceInventory (RequestId, UsageId) VALUES (384, 387);
INSERT INTO MaintenanceInventory (RequestId, UsageId) VALUES (385, 210);
INSERT INTO MaintenanceInventory (RequestId, UsageId) VALUES (386, 171);
INSERT INTO MaintenanceInventory (RequestId, UsageId) VALUES (387, 195);
INSERT INTO MaintenanceInventory (RequestId, UsageId) VALUES (388, 97);
INSERT INTO MaintenanceInventory (RequestId, UsageId) VALUES (389, 369);
INSERT INTO MaintenanceInventory (RequestId, UsageId) VALUES (390, 37);
INSERT INTO MaintenanceInventory (RequestId, UsageId) VALUES (391, 135);
INSERT INTO MaintenanceInventory (RequestId, UsageId) VALUES (392, 206);
INSERT INTO MaintenanceInventory (RequestId, UsageId) VALUES (393, 281);
INSERT INTO MaintenanceInventory (RequestId, UsageId) VALUES (394, 271);
INSERT INTO MaintenanceInventory (RequestId, UsageId) VALUES (395, 291);
INSERT INTO MaintenanceInventory (RequestId, UsageId) VALUES (396, 390);
INSERT INTO MaintenanceInventory (RequestId, UsageId) VALUES (397, 109);
INSERT INTO MaintenanceInventory (RequestId, UsageId) VALUES (398, 70);
INSERT INTO MaintenanceInventory (RequestId, UsageId) VALUES (399, 182);
INSERT INTO MaintenanceInventory (RequestId, UsageId) VALUES (400, 149);
INSERT INTO KeepingInventory (UsageId, TaskID) VALUES (1, 162);
INSERT INTO KeepingInventory (UsageId, TaskID) VALUES (2, 297);
INSERT INTO KeepingInventory (UsageId, TaskID) VALUES (3, 75);
INSERT INTO KeepingInventory (UsageId, TaskID) VALUES (4, 135);
INSERT INTO KeepingInventory (UsageId, TaskID) VALUES (5, 336);
INSERT INTO KeepingInventory (UsageId, TaskID) VALUES (6, 382);
INSERT INTO KeepingInventory (UsageId, TaskID) VALUES (7, 216);
INSERT INTO KeepingInventory (UsageId, TaskID) VALUES (8, 397);
INSERT INTO KeepingInventory (UsageId, TaskID) VALUES (9, 397);
INSERT INTO KeepingInventory (UsageId, TaskID) VALUES (10, 28);
INSERT INTO KeepingInventory (UsageId, TaskID) VALUES (11, 280);
INSERT INTO KeepingInventory (UsageId, TaskID) VALUES (12, 211);
INSERT INTO KeepingInventory (UsageId, TaskID) VALUES (13, 352);
INSERT INTO KeepingInventory (UsageId, TaskID) VALUES (14, 16);
INSERT INTO KeepingInventory (UsageId, TaskID) VALUES (15, 160);
INSERT INTO KeepingInventory (UsageId, TaskID) VALUES (16, 249);
INSERT INTO KeepingInventory (UsageId, TaskID) VALUES (17, 190);
INSERT INTO KeepingInventory (UsageId, TaskID) VALUES (18, 110);
INSERT INTO KeepingInventory (UsageId, TaskID) VALUES (19, 14);
INSERT INTO KeepingInventory (UsageId, TaskID) VALUES (20, 313);
INSERT INTO KeepingInventory (UsageId, TaskID) VALUES (21, 271);
INSERT INTO KeepingInventory (UsageId, TaskID) VALUES (22, 392);
INSERT INTO KeepingInventory (UsageId, TaskID) VALUES (23, 310);
INSERT INTO KeepingInventory (UsageId, TaskID) VALUES (24, 254);
INSERT INTO KeepingInventory (UsageId, TaskID) VALUES (25, 178);
INSERT INTO KeepingInventory (UsageId, TaskID) VALUES (26, 178);
INSERT INTO KeepingInventory (UsageId, TaskID) VALUES (27, 120);
INSERT INTO KeepingInventory (UsageId, TaskID) VALUES (28, 399);
INSERT INTO KeepingInventory (UsageId, TaskID) VALUES (29, 380);
INSERT INTO KeepingInventory (UsageId, TaskID) VALUES (30, 239);
INSERT INTO KeepingInventory (UsageId, TaskID) VALUES (31, 229);
INSERT INTO KeepingInventory (UsageId, TaskID) VALUES (32, 60);
INSERT INTO KeepingInventory (UsageId, TaskID) VALUES (33, 81);
INSERT INTO KeepingInventory (UsageId, TaskID) VALUES (34, 175);
INSERT INTO KeepingInventory (UsageId, TaskID) VALUES (35, 218);
INSERT INTO KeepingInventory (UsageId, TaskID) VALUES (36, 222);
INSERT INTO KeepingInventory (UsageId, TaskID) VALUES (37, 323);
INSERT INTO KeepingInventory (UsageId, TaskID) VALUES (38, 271);
INSERT INTO KeepingInventory (UsageId, TaskID) VALUES (39, 137);
INSERT INTO KeepingInventory (UsageId, TaskID) VALUES (40, 307);
INSERT INTO KeepingInventory (UsageId, TaskID) VALUES (41, 10);
INSERT INTO KeepingInventory (UsageId, TaskID) VALUES (42, 70);
INSERT INTO KeepingInventory (UsageId, TaskID) VALUES (43, 141);
INSERT INTO KeepingInventory (UsageId, TaskID) VALUES (44, 274);
INSERT INTO KeepingInventory (UsageId, TaskID) VALUES (45, 19);
INSERT INTO KeepingInventory (UsageId, TaskID) VALUES (46, 138);
INSERT INTO KeepingInventory (UsageId, TaskID) VALUES (47, 171);
INSERT INTO KeepingInventory (UsageId, TaskID) VALUES (48, 327);
INSERT INTO KeepingInventory (UsageId, TaskID) VALUES (49, 336);
INSERT INTO KeepingInventory (UsageId, TaskID) VALUES (50, 112);
INSERT INTO KeepingInventory (UsageId, TaskID) VALUES (51, 124);
INSERT INTO KeepingInventory (UsageId, TaskID) VALUES (52, 101);
INSERT INTO KeepingInventory (UsageId, TaskID) VALUES (53, 216);
INSERT INTO KeepingInventory (UsageId, TaskID) VALUES (54, 246);
INSERT INTO KeepingInventory (UsageId, TaskID) VALUES (55, 311);
INSERT INTO KeepingInventory (UsageId, TaskID) VALUES (56, 240);
INSERT INTO KeepingInventory (UsageId, TaskID) VALUES (57, 391);
INSERT INTO KeepingInventory (UsageId, TaskID) VALUES (58, 207);
INSERT INTO KeepingInventory (UsageId, TaskID) VALUES (59, 213);
INSERT INTO KeepingInventory (UsageId, TaskID) VALUES (60, 169);
INSERT INTO KeepingInventory (UsageId, TaskID) VALUES (61, 365);
INSERT INTO KeepingInventory (UsageId, TaskID) VALUES (62, 240);
INSERT INTO KeepingInventory (UsageId, TaskID) VALUES (63, 165);
INSERT INTO KeepingInventory (UsageId, TaskID) VALUES (64, 8);
INSERT INTO KeepingInventory (UsageId, TaskID) VALUES (65, 34);
INSERT INTO KeepingInventory (UsageId, TaskID) VALUES (66, 73);
INSERT INTO KeepingInventory (UsageId, TaskID) VALUES (67, 278);
INSERT INTO KeepingInventory (UsageId, TaskID) VALUES (68, 375);
INSERT INTO KeepingInventory (UsageId, TaskID) VALUES (69, 125);
INSERT INTO KeepingInventory (UsageId, TaskID) VALUES (70, 196);
INSERT INTO KeepingInventory (UsageId, TaskID) VALUES (71, 361);
INSERT INTO KeepingInventory (UsageId, TaskID) VALUES (72, 103);
INSERT INTO KeepingInventory (UsageId, TaskID) VALUES (73, 92);
INSERT INTO KeepingInventory (UsageId, TaskID) VALUES (74, 238);
INSERT INTO KeepingInventory (UsageId, TaskID) VALUES (75, 17);
INSERT INTO KeepingInventory (UsageId, TaskID) VALUES (76, 399);
INSERT INTO KeepingInventory (UsageId, TaskID) VALUES (77, 57);
INSERT INTO KeepingInventory (UsageId, TaskID) VALUES (78, 278);
INSERT INTO KeepingInventory (UsageId, TaskID) VALUES (79, 217);
INSERT INTO KeepingInventory (UsageId, TaskID) VALUES (80, 340);
INSERT INTO KeepingInventory (UsageId, TaskID) VALUES (81, 51);
INSERT INTO KeepingInventory (UsageId, TaskID) VALUES (82, 30);
INSERT INTO KeepingInventory (UsageId, TaskID) VALUES (83, 52);
INSERT INTO KeepingInventory (UsageId, TaskID) VALUES (84, 141);
INSERT INTO KeepingInventory (UsageId, TaskID) VALUES (85, 27);
INSERT INTO KeepingInventory (UsageId, TaskID) VALUES (86, 280);
INSERT INTO KeepingInventory (UsageId, TaskID) VALUES (87, 53);
INSERT INTO KeepingInventory (UsageId, TaskID) VALUES (88, 59);
INSERT INTO KeepingInventory (UsageId, TaskID) VALUES (89, 56);
INSERT INTO KeepingInventory (UsageId, TaskID) VALUES (90, 200);
INSERT INTO KeepingInventory (UsageId, TaskID) VALUES (91, 303);
INSERT INTO KeepingInventory (UsageId, TaskID) VALUES (92, 71);
INSERT INTO KeepingInventory (UsageId, TaskID) VALUES (93, 217);
INSERT INTO KeepingInventory (UsageId, TaskID) VALUES (94, 326);
INSERT INTO KeepingInventory (UsageId, TaskID) VALUES (95, 195);
INSERT INTO KeepingInventory (UsageId, TaskID) VALUES (96, 48);
INSERT INTO KeepingInventory (UsageId, TaskID) VALUES (97, 69);
INSERT INTO KeepingInventory (UsageId, TaskID) VALUES (98, 195);
INSERT INTO KeepingInventory (UsageId, TaskID) VALUES (99, 375);
INSERT INTO KeepingInventory (UsageId, TaskID) VALUES (100, 196);
INSERT INTO KeepingInventory (UsageId, TaskID) VALUES (101, 370);
INSERT INTO KeepingInventory (UsageId, TaskID) VALUES (102, 228);
INSERT INTO KeepingInventory (UsageId, TaskID) VALUES (103, 400);
INSERT INTO KeepingInventory (UsageId, TaskID) VALUES (104, 219);
INSERT INTO KeepingInventory (UsageId, TaskID) VALUES (105, 223);
INSERT INTO KeepingInventory (UsageId, TaskID) VALUES (106, 17);
INSERT INTO KeepingInventory (UsageId, TaskID) VALUES (107, 311);
INSERT INTO KeepingInventory (UsageId, TaskID) VALUES (108, 372);
INSERT INTO KeepingInventory (UsageId, TaskID) VALUES (109, 360);
INSERT INTO KeepingInventory (UsageId, TaskID) VALUES (110, 286);
INSERT INTO KeepingInventory (UsageId, TaskID) VALUES (111, 216);
INSERT INTO KeepingInventory (UsageId, TaskID) VALUES (112, 362);
INSERT INTO KeepingInventory (UsageId, TaskID) VALUES (113, 118);
INSERT INTO KeepingInventory (UsageId, TaskID) VALUES (114, 388);
INSERT INTO KeepingInventory (UsageId, TaskID) VALUES (115, 351);
INSERT INTO KeepingInventory (UsageId, TaskID) VALUES (116, 133);
INSERT INTO KeepingInventory (UsageId, TaskID) VALUES (117, 172);
INSERT INTO KeepingInventory (UsageId, TaskID) VALUES (118, 6);
INSERT INTO KeepingInventory (UsageId, TaskID) VALUES (119, 60);
INSERT INTO KeepingInventory (UsageId, TaskID) VALUES (120, 310);
INSERT INTO KeepingInventory (UsageId, TaskID) VALUES (121, 60);
INSERT INTO KeepingInventory (UsageId, TaskID) VALUES (122, 230);
INSERT INTO KeepingInventory (UsageId, TaskID) VALUES (123, 265);
INSERT INTO KeepingInventory (UsageId, TaskID) VALUES (124, 309);
INSERT INTO KeepingInventory (UsageId, TaskID) VALUES (125, 354);
INSERT INTO KeepingInventory (UsageId, TaskID) VALUES (126, 272);
INSERT INTO KeepingInventory (UsageId, TaskID) VALUES (127, 189);
INSERT INTO KeepingInventory (UsageId, TaskID) VALUES (128, 355);
INSERT INTO KeepingInventory (UsageId, TaskID) VALUES (129, 271);
INSERT INTO KeepingInventory (UsageId, TaskID) VALUES (130, 177);
INSERT INTO KeepingInventory (UsageId, TaskID) VALUES (131, 250);
INSERT INTO KeepingInventory (UsageId, TaskID) VALUES (132, 38);
INSERT INTO KeepingInventory (UsageId, TaskID) VALUES (133, 214);
INSERT INTO KeepingInventory (UsageId, TaskID) VALUES (134, 162);
INSERT INTO KeepingInventory (UsageId, TaskID) VALUES (135, 206);
INSERT INTO KeepingInventory (UsageId, TaskID) VALUES (136, 308);
INSERT INTO KeepingInventory (UsageId, TaskID) VALUES (137, 340);
INSERT INTO KeepingInventory (UsageId, TaskID) VALUES (138, 15);
INSERT INTO KeepingInventory (UsageId, TaskID) VALUES (139, 200);
INSERT INTO KeepingInventory (UsageId, TaskID) VALUES (140, 365);
INSERT INTO KeepingInventory (UsageId, TaskID) VALUES (141, 337);
INSERT INTO KeepingInventory (UsageId, TaskID) VALUES (142, 299);
INSERT INTO KeepingInventory (UsageId, TaskID) VALUES (143, 154);
INSERT INTO KeepingInventory (UsageId, TaskID) VALUES (144, 204);
INSERT INTO KeepingInventory (UsageId, TaskID) VALUES (145, 104);
INSERT INTO KeepingInventory (UsageId, TaskID) VALUES (146, 301);
INSERT INTO KeepingInventory (UsageId, TaskID) VALUES (147, 336);
INSERT INTO KeepingInventory (UsageId, TaskID) VALUES (148, 338);
INSERT INTO KeepingInventory (UsageId, TaskID) VALUES (149, 254);
INSERT INTO KeepingInventory (UsageId, TaskID) VALUES (150, 10);
INSERT INTO KeepingInventory (UsageId, TaskID) VALUES (151, 236);
INSERT INTO KeepingInventory (UsageId, TaskID) VALUES (152, 76);
INSERT INTO KeepingInventory (UsageId, TaskID) VALUES (153, 43);
INSERT INTO KeepingInventory (UsageId, TaskID) VALUES (154, 353);
INSERT INTO KeepingInventory (UsageId, TaskID) VALUES (155, 22);
INSERT INTO KeepingInventory (UsageId, TaskID) VALUES (156, 39);
INSERT INTO KeepingInventory (UsageId, TaskID) VALUES (157, 392);
INSERT INTO KeepingInventory (UsageId, TaskID) VALUES (158, 63);
INSERT INTO KeepingInventory (UsageId, TaskID) VALUES (159, 153);
INSERT INTO KeepingInventory (UsageId, TaskID) VALUES (160, 286);
INSERT INTO KeepingInventory (UsageId, TaskID) VALUES (161, 332);
INSERT INTO KeepingInventory (UsageId, TaskID) VALUES (162, 278);
INSERT INTO KeepingInventory (UsageId, TaskID) VALUES (163, 385);
INSERT INTO KeepingInventory (UsageId, TaskID) VALUES (164, 75);
INSERT INTO KeepingInventory (UsageId, TaskID) VALUES (165, 350);
INSERT INTO KeepingInventory (UsageId, TaskID) VALUES (166, 291);
INSERT INTO KeepingInventory (UsageId, TaskID) VALUES (167, 92);
INSERT INTO KeepingInventory (UsageId, TaskID) VALUES (168, 391);
INSERT INTO KeepingInventory (UsageId, TaskID) VALUES (169, 283);
INSERT INTO KeepingInventory (UsageId, TaskID) VALUES (170, 78);
INSERT INTO KeepingInventory (UsageId, TaskID) VALUES (171, 85);
INSERT INTO KeepingInventory (UsageId, TaskID) VALUES (172, 320);
INSERT INTO KeepingInventory (UsageId, TaskID) VALUES (173, 141);
INSERT INTO KeepingInventory (UsageId, TaskID) VALUES (174, 66);
INSERT INTO KeepingInventory (UsageId, TaskID) VALUES (175, 133);
INSERT INTO KeepingInventory (UsageId, TaskID) VALUES (176, 382);
INSERT INTO KeepingInventory (UsageId, TaskID) VALUES (177, 63);
INSERT INTO KeepingInventory (UsageId, TaskID) VALUES (178, 329);
INSERT INTO KeepingInventory (UsageId, TaskID) VALUES (179, 7);
INSERT INTO KeepingInventory (UsageId, TaskID) VALUES (180, 79);
INSERT INTO KeepingInventory (UsageId, TaskID) VALUES (181, 247);
INSERT INTO KeepingInventory (UsageId, TaskID) VALUES (182, 49);
INSERT INTO KeepingInventory (UsageId, TaskID) VALUES (183, 76);
INSERT INTO KeepingInventory (UsageId, TaskID) VALUES (184, 68);
INSERT INTO KeepingInventory (UsageId, TaskID) VALUES (185, 14);
INSERT INTO KeepingInventory (UsageId, TaskID) VALUES (186, 124);
INSERT INTO KeepingInventory (UsageId, TaskID) VALUES (187, 290);
INSERT INTO KeepingInventory (UsageId, TaskID) VALUES (188, 349);
INSERT INTO KeepingInventory (UsageId, TaskID) VALUES (189, 156);
INSERT INTO KeepingInventory (UsageId, TaskID) VALUES (190, 217);
INSERT INTO KeepingInventory (UsageId, TaskID) VALUES (191, 394);
INSERT INTO KeepingInventory (UsageId, TaskID) VALUES (192, 180);
INSERT INTO KeepingInventory (UsageId, TaskID) VALUES (193, 395);
INSERT INTO KeepingInventory (UsageId, TaskID) VALUES (194, 377);
INSERT INTO KeepingInventory (UsageId, TaskID) VALUES (195, 214);
INSERT INTO KeepingInventory (UsageId, TaskID) VALUES (196, 226);
INSERT INTO KeepingInventory (UsageId, TaskID) VALUES (197, 356);
INSERT INTO KeepingInventory (UsageId, TaskID) VALUES (198, 93);
INSERT INTO KeepingInventory (UsageId, TaskID) VALUES (199, 347);
INSERT INTO KeepingInventory (UsageId, TaskID) VALUES (200, 347);
INSERT INTO KeepingInventory (UsageId, TaskID) VALUES (201, 94);
INSERT INTO KeepingInventory (UsageId, TaskID) VALUES (202, 322);
INSERT INTO KeepingInventory (UsageId, TaskID) VALUES (203, 35);
INSERT INTO KeepingInventory (UsageId, TaskID) VALUES (204, 262);
INSERT INTO KeepingInventory (UsageId, TaskID) VALUES (205, 43);
INSERT INTO KeepingInventory (UsageId, TaskID) VALUES (206, 38);
INSERT INTO KeepingInventory (UsageId, TaskID) VALUES (207, 103);
INSERT INTO KeepingInventory (UsageId, TaskID) VALUES (208, 381);
INSERT INTO KeepingInventory (UsageId, TaskID) VALUES (209, 261);
INSERT INTO KeepingInventory (UsageId, TaskID) VALUES (210, 199);
INSERT INTO KeepingInventory (UsageId, TaskID) VALUES (211, 222);
INSERT INTO KeepingInventory (UsageId, TaskID) VALUES (212, 143);
INSERT INTO KeepingInventory (UsageId, TaskID) VALUES (213, 394);
INSERT INTO KeepingInventory (UsageId, TaskID) VALUES (214, 71);
INSERT INTO KeepingInventory (UsageId, TaskID) VALUES (215, 258);
INSERT INTO KeepingInventory (UsageId, TaskID) VALUES (216, 192);
INSERT INTO KeepingInventory (UsageId, TaskID) VALUES (217, 81);
INSERT INTO KeepingInventory (UsageId, TaskID) VALUES (218, 134);
INSERT INTO KeepingInventory (UsageId, TaskID) VALUES (219, 86);
INSERT INTO KeepingInventory (UsageId, TaskID) VALUES (220, 74);
INSERT INTO KeepingInventory (UsageId, TaskID) VALUES (221, 74);
INSERT INTO KeepingInventory (UsageId, TaskID) VALUES (222, 290);
INSERT INTO KeepingInventory (UsageId, TaskID) VALUES (223, 354);
INSERT INTO KeepingInventory (UsageId, TaskID) VALUES (224, 385);
INSERT INTO KeepingInventory (UsageId, TaskID) VALUES (225, 135);
INSERT INTO KeepingInventory (UsageId, TaskID) VALUES (226, 233);
INSERT INTO KeepingInventory (UsageId, TaskID) VALUES (227, 367);
INSERT INTO KeepingInventory (UsageId, TaskID) VALUES (228, 162);
INSERT INTO KeepingInventory (UsageId, TaskID) VALUES (229, 298);
INSERT INTO KeepingInventory (UsageId, TaskID) VALUES (230, 123);
INSERT INTO KeepingInventory (UsageId, TaskID) VALUES (231, 278);
INSERT INTO KeepingInventory (UsageId, TaskID) VALUES (232, 235);
INSERT INTO KeepingInventory (UsageId, TaskID) VALUES (233, 204);
INSERT INTO KeepingInventory (UsageId, TaskID) VALUES (234, 151);
INSERT INTO KeepingInventory (UsageId, TaskID) VALUES (235, 18);
INSERT INTO KeepingInventory (UsageId, TaskID) VALUES (236, 229);
INSERT INTO KeepingInventory (UsageId, TaskID) VALUES (237, 226);
INSERT INTO KeepingInventory (UsageId, TaskID) VALUES (238, 124);
INSERT INTO KeepingInventory (UsageId, TaskID) VALUES (239, 52);
INSERT INTO KeepingInventory (UsageId, TaskID) VALUES (240, 329);
INSERT INTO KeepingInventory (UsageId, TaskID) VALUES (241, 88);
INSERT INTO KeepingInventory (UsageId, TaskID) VALUES (242, 40);
INSERT INTO KeepingInventory (UsageId, TaskID) VALUES (243, 316);
INSERT INTO KeepingInventory (UsageId, TaskID) VALUES (244, 190);
INSERT INTO KeepingInventory (UsageId, TaskID) VALUES (245, 147);
INSERT INTO KeepingInventory (UsageId, TaskID) VALUES (246, 299);
INSERT INTO KeepingInventory (UsageId, TaskID) VALUES (247, 194);
INSERT INTO KeepingInventory (UsageId, TaskID) VALUES (248, 31);
INSERT INTO KeepingInventory (UsageId, TaskID) VALUES (249, 209);
INSERT INTO KeepingInventory (UsageId, TaskID) VALUES (250, 134);
INSERT INTO KeepingInventory (UsageId, TaskID) VALUES (251, 54);
INSERT INTO KeepingInventory (UsageId, TaskID) VALUES (252, 397);
INSERT INTO KeepingInventory (UsageId, TaskID) VALUES (253, 165);
INSERT INTO KeepingInventory (UsageId, TaskID) VALUES (254, 178);
INSERT INTO KeepingInventory (UsageId, TaskID) VALUES (255, 313);
INSERT INTO KeepingInventory (UsageId, TaskID) VALUES (256, 299);
INSERT INTO KeepingInventory (UsageId, TaskID) VALUES (257, 88);
INSERT INTO KeepingInventory (UsageId, TaskID) VALUES (258, 326);
INSERT INTO KeepingInventory (UsageId, TaskID) VALUES (259, 184);
INSERT INTO KeepingInventory (UsageId, TaskID) VALUES (260, 78);
INSERT INTO KeepingInventory (UsageId, TaskID) VALUES (261, 94);
INSERT INTO KeepingInventory (UsageId, TaskID) VALUES (262, 180);
INSERT INTO KeepingInventory (UsageId, TaskID) VALUES (263, 345);
INSERT INTO KeepingInventory (UsageId, TaskID) VALUES (264, 83);
INSERT INTO KeepingInventory (UsageId, TaskID) VALUES (265, 5);
INSERT INTO KeepingInventory (UsageId, TaskID) VALUES (266, 305);
INSERT INTO KeepingInventory (UsageId, TaskID) VALUES (267, 160);
INSERT INTO KeepingInventory (UsageId, TaskID) VALUES (268, 304);
INSERT INTO KeepingInventory (UsageId, TaskID) VALUES (269, 70);
INSERT INTO KeepingInventory (UsageId, TaskID) VALUES (270, 54);
INSERT INTO KeepingInventory (UsageId, TaskID) VALUES (271, 372);
INSERT INTO KeepingInventory (UsageId, TaskID) VALUES (272, 387);
INSERT INTO KeepingInventory (UsageId, TaskID) VALUES (273, 251);
INSERT INTO KeepingInventory (UsageId, TaskID) VALUES (274, 134);
INSERT INTO KeepingInventory (UsageId, TaskID) VALUES (275, 9);
INSERT INTO KeepingInventory (UsageId, TaskID) VALUES (276, 356);
INSERT INTO KeepingInventory (UsageId, TaskID) VALUES (277, 338);
INSERT INTO KeepingInventory (UsageId, TaskID) VALUES (278, 8);
INSERT INTO KeepingInventory (UsageId, TaskID) VALUES (279, 177);
INSERT INTO KeepingInventory (UsageId, TaskID) VALUES (280, 223);
INSERT INTO KeepingInventory (UsageId, TaskID) VALUES (281, 168);
INSERT INTO KeepingInventory (UsageId, TaskID) VALUES (282, 400);
INSERT INTO KeepingInventory (UsageId, TaskID) VALUES (283, 97);
INSERT INTO KeepingInventory (UsageId, TaskID) VALUES (284, 61);
INSERT INTO KeepingInventory (UsageId, TaskID) VALUES (285, 238);
INSERT INTO KeepingInventory (UsageId, TaskID) VALUES (286, 399);
INSERT INTO KeepingInventory (UsageId, TaskID) VALUES (287, 278);
INSERT INTO KeepingInventory (UsageId, TaskID) VALUES (288, 6);
INSERT INTO KeepingInventory (UsageId, TaskID) VALUES (289, 391);
INSERT INTO KeepingInventory (UsageId, TaskID) VALUES (290, 82);
INSERT INTO KeepingInventory (UsageId, TaskID) VALUES (291, 39);
INSERT INTO KeepingInventory (UsageId, TaskID) VALUES (292, 185);
INSERT INTO KeepingInventory (UsageId, TaskID) VALUES (293, 53);
INSERT INTO KeepingInventory (UsageId, TaskID) VALUES (294, 65);
INSERT INTO KeepingInventory (UsageId, TaskID) VALUES (295, 20);
INSERT INTO KeepingInventory (UsageId, TaskID) VALUES (296, 398);
INSERT INTO KeepingInventory (UsageId, TaskID) VALUES (297, 332);
INSERT INTO KeepingInventory (UsageId, TaskID) VALUES (298, 369);
INSERT INTO KeepingInventory (UsageId, TaskID) VALUES (299, 182);
INSERT INTO KeepingInventory (UsageId, TaskID) VALUES (300, 252);
INSERT INTO KeepingInventory (UsageId, TaskID) VALUES (301, 277);
INSERT INTO KeepingInventory (UsageId, TaskID) VALUES (302, 38);
INSERT INTO KeepingInventory (UsageId, TaskID) VALUES (303, 138);
INSERT INTO KeepingInventory (UsageId, TaskID) VALUES (304, 136);
INSERT INTO KeepingInventory (UsageId, TaskID) VALUES (305, 163);
INSERT INTO KeepingInventory (UsageId, TaskID) VALUES (306, 281);
INSERT INTO KeepingInventory (UsageId, TaskID) VALUES (307, 350);
INSERT INTO KeepingInventory (UsageId, TaskID) VALUES (308, 72);
INSERT INTO KeepingInventory (UsageId, TaskID) VALUES (309, 319);
INSERT INTO KeepingInventory (UsageId, TaskID) VALUES (310, 333);
INSERT INTO KeepingInventory (UsageId, TaskID) VALUES (311, 181);
INSERT INTO KeepingInventory (UsageId, TaskID) VALUES (312, 196);
INSERT INTO KeepingInventory (UsageId, TaskID) VALUES (313, 304);
INSERT INTO KeepingInventory (UsageId, TaskID) VALUES (314, 292);
INSERT INTO KeepingInventory (UsageId, TaskID) VALUES (315, 267);
INSERT INTO KeepingInventory (UsageId, TaskID) VALUES (316, 287);
INSERT INTO KeepingInventory (UsageId, TaskID) VALUES (317, 43);
INSERT INTO KeepingInventory (UsageId, TaskID) VALUES (318, 86);
INSERT INTO KeepingInventory (UsageId, TaskID) VALUES (319, 360);
INSERT INTO KeepingInventory (UsageId, TaskID) VALUES (320, 36);
INSERT INTO KeepingInventory (UsageId, TaskID) VALUES (321, 79);
INSERT INTO KeepingInventory (UsageId, TaskID) VALUES (322, 129);
INSERT INTO KeepingInventory (UsageId, TaskID) VALUES (323, 75);
INSERT INTO KeepingInventory (UsageId, TaskID) VALUES (324, 287);
INSERT INTO KeepingInventory (UsageId, TaskID) VALUES (325, 237);
INSERT INTO KeepingInventory (UsageId, TaskID) VALUES (326, 70);
INSERT INTO KeepingInventory (UsageId, TaskID) VALUES (327, 366);
INSERT INTO KeepingInventory (UsageId, TaskID) VALUES (328, 59);
INSERT INTO KeepingInventory (UsageId, TaskID) VALUES (329, 134);
INSERT INTO KeepingInventory (UsageId, TaskID) VALUES (330, 183);
INSERT INTO KeepingInventory (UsageId, TaskID) VALUES (331, 166);
INSERT INTO KeepingInventory (UsageId, TaskID) VALUES (332, 87);
INSERT INTO KeepingInventory (UsageId, TaskID) VALUES (333, 376);
INSERT INTO KeepingInventory (UsageId, TaskID) VALUES (334, 307);
INSERT INTO KeepingInventory (UsageId, TaskID) VALUES (335, 108);
INSERT INTO KeepingInventory (UsageId, TaskID) VALUES (336, 284);
INSERT INTO KeepingInventory (UsageId, TaskID) VALUES (337, 174);
INSERT INTO KeepingInventory (UsageId, TaskID) VALUES (338, 318);
INSERT INTO KeepingInventory (UsageId, TaskID) VALUES (339, 222);
INSERT INTO KeepingInventory (UsageId, TaskID) VALUES (340, 137);
INSERT INTO KeepingInventory (UsageId, TaskID) VALUES (341, 67);
INSERT INTO KeepingInventory (UsageId, TaskID) VALUES (342, 139);
INSERT INTO KeepingInventory (UsageId, TaskID) VALUES (343, 155);
INSERT INTO KeepingInventory (UsageId, TaskID) VALUES (344, 218);
INSERT INTO KeepingInventory (UsageId, TaskID) VALUES (345, 14);
INSERT INTO KeepingInventory (UsageId, TaskID) VALUES (346, 315);
INSERT INTO KeepingInventory (UsageId, TaskID) VALUES (347, 265);
INSERT INTO KeepingInventory (UsageId, TaskID) VALUES (348, 53);
INSERT INTO KeepingInventory (UsageId, TaskID) VALUES (349, 186);
INSERT INTO KeepingInventory (UsageId, TaskID) VALUES (350, 30);
INSERT INTO KeepingInventory (UsageId, TaskID) VALUES (351, 147);
INSERT INTO KeepingInventory (UsageId, TaskID) VALUES (352, 75);
INSERT INTO KeepingInventory (UsageId, TaskID) VALUES (353, 306);
INSERT INTO KeepingInventory (UsageId, TaskID) VALUES (354, 379);
INSERT INTO KeepingInventory (UsageId, TaskID) VALUES (355, 327);
INSERT INTO KeepingInventory (UsageId, TaskID) VALUES (356, 23);
INSERT INTO KeepingInventory (UsageId, TaskID) VALUES (357, 98);
INSERT INTO KeepingInventory (UsageId, TaskID) VALUES (358, 355);
INSERT INTO KeepingInventory (UsageId, TaskID) VALUES (359, 152);
INSERT INTO KeepingInventory (UsageId, TaskID) VALUES (360, 343);
INSERT INTO KeepingInventory (UsageId, TaskID) VALUES (361, 239);
INSERT INTO KeepingInventory (UsageId, TaskID) VALUES (362, 175);
INSERT INTO KeepingInventory (UsageId, TaskID) VALUES (363, 341);
INSERT INTO KeepingInventory (UsageId, TaskID) VALUES (364, 383);
INSERT INTO KeepingInventory (UsageId, TaskID) VALUES (365, 235);
INSERT INTO KeepingInventory (UsageId, TaskID) VALUES (366, 3);
INSERT INTO KeepingInventory (UsageId, TaskID) VALUES (367, 131);
INSERT INTO KeepingInventory (UsageId, TaskID) VALUES (368, 249);
INSERT INTO KeepingInventory (UsageId, TaskID) VALUES (369, 251);
INSERT INTO KeepingInventory (UsageId, TaskID) VALUES (370, 347);
INSERT INTO KeepingInventory (UsageId, TaskID) VALUES (371, 172);
INSERT INTO KeepingInventory (UsageId, TaskID) VALUES (372, 291);
INSERT INTO KeepingInventory (UsageId, TaskID) VALUES (373, 181);
INSERT INTO KeepingInventory (UsageId, TaskID) VALUES (374, 14);
INSERT INTO KeepingInventory (UsageId, TaskID) VALUES (375, 46);
INSERT INTO KeepingInventory (UsageId, TaskID) VALUES (376, 389);
INSERT INTO KeepingInventory (UsageId, TaskID) VALUES (377, 210);
INSERT INTO KeepingInventory (UsageId, TaskID) VALUES (378, 389);
INSERT INTO KeepingInventory (UsageId, TaskID) VALUES (379, 331);
INSERT INTO KeepingInventory (UsageId, TaskID) VALUES (380, 70);
INSERT INTO KeepingInventory (UsageId, TaskID) VALUES (381, 33);
INSERT INTO KeepingInventory (UsageId, TaskID) VALUES (382, 242);
INSERT INTO KeepingInventory (UsageId, TaskID) VALUES (383, 180);
INSERT INTO KeepingInventory (UsageId, TaskID) VALUES (384, 82);
INSERT INTO KeepingInventory (UsageId, TaskID) VALUES (385, 115);
INSERT INTO KeepingInventory (UsageId, TaskID) VALUES (386, 380);
INSERT INTO KeepingInventory (UsageId, TaskID) VALUES (387, 303);
INSERT INTO KeepingInventory (UsageId, TaskID) VALUES (388, 171);
INSERT INTO KeepingInventory (UsageId, TaskID) VALUES (389, 119);
INSERT INTO KeepingInventory (UsageId, TaskID) VALUES (390, 9);
INSERT INTO KeepingInventory (UsageId, TaskID) VALUES (391, 158);
INSERT INTO KeepingInventory (UsageId, TaskID) VALUES (392, 131);
INSERT INTO KeepingInventory (UsageId, TaskID) VALUES (393, 339);
INSERT INTO KeepingInventory (UsageId, TaskID) VALUES (394, 165);
INSERT INTO KeepingInventory (UsageId, TaskID) VALUES (395, 46);
INSERT INTO KeepingInventory (UsageId, TaskID) VALUES (396, 85);
INSERT INTO KeepingInventory (UsageId, TaskID) VALUES (397, 162);
INSERT INTO KeepingInventory (UsageId, TaskID) VALUES (398, 320);
INSERT INTO KeepingInventory (UsageId, TaskID) VALUES (399, 215);
INSERT INTO KeepingInventory (UsageId, TaskID) VALUES (400, 142);
